thickness_nm,narrow_delta_chi2,broad_delta_chi2
20,4973.51278877,30742.4539843
20.425,4603.24583081,30464.324566
20.85,4241.92066023,30198.9145133
21.275,3890.31731129,29946.9621243
21.7,3549.20814511,29709.1857703
22.125,3219.35684434,29486.2827416
22.55,2901.51742478,29278.9281432
22.975,2596.433265,29087.7738415
23.4,2304.83615536,28913.4474633
23.825,2027.44536752,28756.5514481
24.25,1764.96674557,28617.662155
24.675,1518.09181988,28497.329024
25.1,1287.4969447,28396.0737942
25.525,1073.84246044,28314.3897769
25.95,877.771881646,28252.7411864
26.375,699.911111375,28211.5625276
26.8,540.86768298,28191.2580395
27.225,401.230029903,28192.2011972
27.65,281.566784256,28214.7342697
28.075,182.426104817,28259.1679349
28.5,104.335035036,28325.7809501
28.925,47.7988915804,28414.8198789
29.35,13.3006839043,28526.4988733
29.775,1.30056526866,28660.9995097
30.2,12.2353155772,28818.4706795
30.625,46.5178563489,28999.0285315
31.05,104.536798088,29202.7564674
31.475,186.656020262,29429.7051875
31.9,293.214284041,29679.8927866
32.325,424.524877918,29953.3048984
32.75,580.875296244,30249.8948879
33.175,762.52695071,30569.584089
33.6,969.714914711,30912.2620887
34.025,1202.64770053,31277.787053
34.45,1461.50706917,31665.9860967
34.875,1746.44787273,32076.6556927
35.3,2057.59792896,32509.5621213
35.725,2395.05792793,32964.4419568
36.15,2758.90137038,33441.0025913
36.575,3149.17453733,33938.9227917
37,3565.89649086,34457.8532917
37.425,4009.05910531,34997.417414
37.85,4478.62712867,35557.2117233
38.275,4974.53827364,36136.8067081
38.7,5496.70333775,36735.7474885
39.125,6045.00635212,37353.5545504
39.55,6619.3047583,37989.7245029
39.975,7219.42961242,38643.7308587
40.4,7845.18581624,39315.0248343
40.825,8496.35237441,40003.0361705
41.25,9172.68267714,40707.1739699
41.675,9873.90480778,41426.8275512
42.1,10599.7218746,42161.3673184
42.525,11349.8123657,42910.1456425
42.95,12123.8305272,43672.4977568
43.375,12921.4067628,44447.7426611
43.8,13742.1480546,45235.1840364
44.225,14585.638405,46034.1111673
44.65,15451.4392973,46843.7998702
45.075,16339.0901763,47663.5134282
45.5,17248.1089456,48492.5035293
45.925,18177.9924841,49330.0112075
46.35,19128.2171768,50175.2677861
46.775,20098.2394636,51027.4958215
47.2,21087.4964012,51885.9100462
47.625,22095.4062403,52749.7183103
48.05,23121.3690156,53618.1225214
48.475,24164.7671487,54490.3195789
48.9,25224.9660626,55365.502306
49.325,26301.3148073,56242.8603741
49.75,27393.1466955,57121.5812226
50.175,28499.7799479,58000.8509696
50.6,29620.5183473,58879.8553161
51.025,30754.6519004,59757.7804401
51.45,31901.4575073,60633.8138809
51.875,33060.1996366,61507.145414
52.3,34230.1310073,62376.9679134
52.725,35410.4932751,63242.4782025
53.15,36600.5177232,64102.8778926
53.575,37799.425957,64957.3742077
54,39006.4306014,65805.1807954
54.425,40220.7360006,66645.5185238
54.85,41441.5389197,67477.6162627
55.275,42668.0292476,68300.7116493
55.7,43899.3906992,69114.0518383
56.125,45134.8015192,69916.8942347
56.55,46373.4351833,70708.5072096
56.975,47614.4610994,71488.1707989
57.4,48857.0453066,72255.1773832
57.825,50100.3511708,73008.8323499
58.25,51343.540079,73748.4547362
58.675,52585.7721287,74473.3778529
59.1,53826.2068138,75182.9498886
59.525,55064.0037062,75876.5344942
59.95,56298.3231321,76553.5113464
60.375,57528.3268434,77213.276692
60.8,58753.1786825,77855.2438697
61.225,59972.0452417,78478.8438119
61.65,61184.0965151,79083.5255248
62.075,62388.506544,79668.7565466
62.5,63584.4540548,80234.023384
62.925,64771.1230888,80778.8319264
63.35,65947.703624,81302.7078378
63.775,67113.3921883,81805.1969263
64.2,68267.3924642,82285.8654907
64.625,69408.9158839,82744.3006442
65.05,70537.1822151,83180.1106148
65.475,71651.4201376,83592.925023
65.9,72750.867809,83982.3951356
66.325,73834.7734207,84348.1940963
66.75,74902.3957434,84690.0171327
67.175,75953.004662,85007.5817393
67.6,76985.8816988,85300.6278371
68.025,78000.3205264,85568.9179093
68.45,78995.6274689,85812.2371126
68.875,79971.1219913,86030.393365
69.3,80926.1371775,86223.2174098
69.725,81860.0201962,86390.5628551
70.15,82772.1327548,86532.3061895
70.575,83661.8515407,86648.3467737
71,84528.5686512,86738.6068085
71.425,85371.6920094,86803.0312788
71.85,86190.6457689,86841.5878732
72.275,86984.8707047,86854.2668808
72.7,87753.824592,86841.0810635
73.125,88496.982571,86802.0655055
73.55,89213.8375,86737.2774388
73.975,89903.9002939,86646.7960461
74.4,90566.7002503,86530.7222403
74.825,91201.7853624,86389.178421
75.25,91808.7226175,86222.3082094
75.675,92387.0982829,86030.2761597
76.1,92936.5181781,85813.2674491
76.525,93456.607933,85571.4875462
76.95,93947.0132326,85305.1618577
77.375,94407.4000485,85014.5353544
77.8,94837.4548555,84699.872176
78.225,95236.8848355,84361.4552165
78.65,95605.4180671,83999.5856891
79.075,95942.8037008,83614.5826723
79.5,96248.8121216,83206.7826369
79.925,96523.235096,82776.5389552
80.35,96765.8859063,82324.2213917
80.775,96976.5994703,81850.2155777
81.2,97155.2324473,81354.9224687
81.625,97301.6633297,80838.7577862
82.05,97415.7925207,80302.1514447
82.475,97497.5423979,79745.546964
82.9,97546.8573633,79169.4008677
83.325,97563.7038783,78574.1820695
83.75,97548.0704855,77960.3712468
84.175,97499.9678154,77328.4602035
84.6,97419.4285805,76678.9512223
85.025,97306.5075538,76012.3564079
85.45,97161.2815337,75329.1970215
85.875,96983.8492956,74630.0028077
86.3,96774.3315282,73915.3113155
86.725,96532.8707564,73185.667213
87.15,96259.6312503,72441.6215982
87.575,95954.7989195,71683.7313064
88,95618.5811941,70912.5582155
88.425,95251.2068912,70128.6685491
88.85,94852.9260678,69332.6321812
89.275,94424.0098593,68525.0219408
89.7,93964.7503043,67706.4129188
90.125,93475.4601559,66877.3817792
90.55,92956.4726783,66038.506074
90.975,92408.1414303,65190.3635642
91.4,91830.8400349,64333.5315481
91.825,91224.9619346,63468.5861973
92.25,90590.9201339,62596.1019023
92.675,89929.1469278,61716.6506287
93.1,89240.0936162,60830.8012848
93.525,88524.2302058,59939.1191027
93.95,87782.0450977,59042.1650331
94.375,87014.0447623,58140.4951548
94.8,86220.7534005,57234.6601015
95.225,85402.7125917,56325.2045055
95.65,84560.4809292,55412.6664594
96.075,83694.633642,54497.5769982
96.5,82805.7622042,53580.4596013
96.925,81894.4739311,52661.8297158
97.35,80961.3915633,51742.1943029
97.775,80007.1528378,50822.0514068
98.2,79032.4100467,49901.8897479
98.625,78037.829584,48982.1883411
99.05,77024.0914799,48063.4161391
99.475,75991.8889238,47146.0317025
99.9,74941.9277747,46230.482896
100.325,73874.9260605,45317.2066127
100.75,72791.6134661,44406.628526
101.175,71692.7308101,43499.1628687
101.6,70579.02951,42595.2122421
102.025,69451.2710381,41695.1674531
102.45,68310.2263651,40799.4073797
102.875,67156.6753947,39908.298867
103.3,65991.406388,39022.1966504
103.725,64815.2153775,38141.4433094
104.15,63628.9055726,37266.3692491
104.575,62433.2867552,36397.2927108
105,61229.1746669,35534.5198109
105.425,60017.3903874,34678.3446076
105.85,58798.7597048,33829.0491947
106.275,57574.1124784,32986.9038229
106.7,56344.2819935,32152.167047
107.125,55110.1043094,31325.0858982
107.55,53872.4176008,30505.8960824
107.975,52632.0614926,29694.8222006
108.4,51389.8763893,28892.0779939
108.825,50146.7027985,28097.8666095
109.25,48903.3806496,27312.3808878
109.675,47660.7486085,26535.8036693
110.1,46419.6433872,25768.3081202
110.525,45180.899051,25010.058075
110.95,43945.3463223,24261.2083951
111.375,42713.8118814,23521.9053426
111.8,41487.1176663,22792.2869668
112.225,40266.0801704,22072.483503
112.65,39051.5097398,21362.617781
113.075,37844.2098704,20662.8056439
113.5,36644.9765053,19973.1563727
113.925,35454.5973331,19293.7731178
114.35,34273.8510879,18624.7533348
114.775,33103.5068524,17966.1892228
115.2,31944.3233622,17318.1681641
115.625,30797.0483159,16680.7731641
116.05,29662.4176877,16054.0832885
116.475,28541.1550462,15438.1740982
116.9,27433.9708783,14833.1180789
117.325,26341.5619202,14238.9850647
117.75,25264.6104944,13655.842654
118.175,24203.7838564,13083.7566165
118.6,23159.7335484,12522.7912896
119.025,22133.0947632,11973.0099634
119.45,21124.4857187,11434.4752527
119.875,20134.5070427,10907.249455
120.3,19163.7411693,10391.3948933
120.725,18212.7517491,9886.97424247
121.15,17282.0830712,9394.0508386
121.575,16372.2595003,8912.68896989
122,15483.7849285,8442.95414877
122.425,14617.1422423,7984.91336408
122.85,13772.7928073,7538.63531269
123.275,12951.175969,7104.19061007
123.7,12152.7085719,6681.65197914
124.125,11377.7844982,6271.094417
124.55,10626.7742254,5872.59533912
124.975,9900.02440457,5486.23470077
125.4,9197.85745982,5112.09509537
125.825,8520.5712096,4750.26182979
126.25,7868.43851081,4400.82297635
126.675,7241.70692621,4063.86940171
127.1,6640.59841595,3739.49477276
127.525,6065.30905398,3427.79553954
127.95,5516.00876984,3128.87089566
128.375,4992.84111674,2842.82271646
128.8,4495.92306628,2569.75547523
129.225,4025.34483072,2309.77613821
129.65,3581.16971315,2062.99403862
130.075,3163.43398632,1829.52073057
130.5,2772.14680051,1609.46982339
130.925,2407.29012107,1402.95679706
131.35,2068.81869605,1210.09879966
131.775,1756.6600544,1031.01442755
132.2,1470.71453512,865.823489093
132.625,1210.85534778,714.646752992
133.05,976.928664726,577.605682024
133.475,768.753745295,454.822153216
133.9,586.123092264,346.418165446
134.325,428.802640813,252.515535493
134.75,296.531980138,173.235583582
135.175,189.024607866,108.698809475
135.6,105.96821736,59.0245601955
136.025,47.0250179549,24.3306904438
136.45,11.8320881182,4.73321681245
136.875,0.00176148843779,0.345966867167
137.3,11.1220456763,11.2802241864
137.725,44.7570736799,37.6443704313
138.15,100.447587703,79.5435255145
138.575,177.711455118,137.07918692
139,276.044216256,210.348869214
139.425,394.919663658,299.445744762
139.85,533.790452362,404.45828666
140.275,692.088740755,525.469914836
140.7,869.22686144,662.558646291
141.125,1064.59802155,815.796750385
141.55,1277.57703185,985.250410054
141.975,1507.52106393,1170.97938983
142.4,1753.77043472,1373.03671149
142.825,2015.64941758,1591.46833806
143.25,2292.46707899,1826.31286703
143.675,2583.51814003,2077.60123343
144.1,2888.08386159,2345.35642341
144.525,3205.43295238,2629.59319904
144.95,3534.82249857,2930.31783484
145.375,3875.498914,3247.52786671
145.8,4226.69890973,3581.2118536
146.225,4587.6504818,3931.34915258
146.65,4957.57391581,4297.90970763
147.075,5335.68280713,4680.85385253
147.5,5721.18509526,5080.13212829
147.925,6113.28411108,5495.68511536
148.35,6511.17963544,5927.44328087
148.775,6914.06896769,6375.32684125
149.2,7321.14800265,6839.24564027
149.625,7731.61231439,7319.09904276
150.05,8144.6582454,7814.77584408
150.475,8559.48399945,8326.1541955
150.9,8975.29073658,8853.10154541
151.325,9391.28366855,9395.47459646
151.75,9806.67315312,9953.11927862
152.175,10220.6757855,10525.8707381
152.6,10632.5154854,11113.553342
153.025,11041.4245775,11715.9806986
153.45,11446.6448645,12332.9556932
153.875,11847.4286903,12964.2705395
154.3,12243.0399921,13609.7068458
154.725,12632.7553391,14269.0356963
155.15,13015.8649572,14942.0177474
155.575,13391.6737368,15628.403338
156,13759.5022231,16327.9326143
156.425,14118.6875865,17040.3356685
156.85,14468.5845719,17765.3326911
157.275,14808.5664254,18502.634136
157.7,15138.0257963,19251.9408994
158.125,15456.3756135,20012.9445104
158.55,15763.0499348,20785.327334
158.975,16057.5047667,21568.7627865
159.4,16339.2188547,22362.9155614
159.825,16607.6944418,23167.4418672
160.25,16862.457994,23981.9896748
160.675,17103.0608921,24806.198976
161.1,17329.0800877,25639.7020514
161.525,17540.1187234,26482.1237474
161.95,17735.8067143,27333.0817624
162.375,17915.8012926,28192.1869415
162.8,18079.7875112,29059.0435787
163.225,18227.4787076,29933.2497273
163.65,18358.6169266,30814.3975171
164.075,18472.9733009,31702.0734783
164.5,18570.3483889,32595.8588716
164.925,18650.5724695,33495.3300241
165.35,18713.5057931,34400.0586705
165.775,18759.0387882,35309.6122994
166.2,18787.0922237,36223.5545036
166.625,18797.6173261,37141.445335
167.05,18790.5958516,38062.8416623
167.475,18766.0401133,38987.2975326
167.9,18723.9929626,39914.364535
168.325,18664.5277259,40843.5921672
168.75,18587.7480961,41774.5282031
169.175,18493.7879787,42706.7190625
169.6,18382.8112937,43639.7101814
170.025,18255.0117335,44573.0463832
170.45,18110.612476,45506.2722494
170.875,17949.8658553,46438.9324913
171.3,17773.052989,47370.5723196
171.725,17580.4833639,48300.7378143
172.15,17372.4943796,49228.9762919
172.575,17149.4508527,50154.8366724
173,16911.74448,51077.8698423
173.425,16659.7932638,51997.6290166
173.85,16394.0408994,52913.6700972
174.275,16114.9561255,53825.5520277
174.7,15823.0320395,54732.8371456
175.125,15518.7853784,55635.0915293
175.55,15202.7557662,56531.8853416
175.975,14875.5049304,57422.7931686
176.4,14537.6158868,58307.3943529
176.825,14189.6920962,59185.273322
177.25,13832.3565936,60056.0199111
177.675,13466.2510902,60919.2296797
178.1,13092.0350519,61774.5042218
178.525,12710.3847541,62621.4514702
178.95,12321.9923151,63459.6859932
179.375,11927.5647099,64288.8292842
179.8,11527.8227653,65108.5100444
180.225,11123.5001387,65918.3644572
180.65,10715.3422816,66718.0364551
181.075,10304.1053904,67507.1779775
181.5,9890.55534477,68285.4492209
181.925,9475.46663708,69052.5188799
182.35,9059.62129266,69808.0643789
182.775,8643.80778422,70551.772095
183.2,8228.81994111,71283.337571
183.625,7815.45585553,72002.465719
184.05,7404.5167872,72708.8710137
184.475,6996.80606822,73402.2776759
184.9,6593.1280097,74082.4198451
185.325,6194.28681189,74749.0417419
185.75,5801.08547921,75401.8978201
186.175,5414.32474197,76040.7529064
186.6,5034.80198612,76665.382331
187.025,4663.31019273,77275.5720451
187.45,4300.63688849,77871.1187281
187.875,3947.56310879,78451.8298829
188.3,3604.8623748,79017.5239195
188.725,3273.2996858,79568.030227
189.15,2953.63052817,80103.1892334
189.575,2646.5999023,80622.8524536
190,2352.94136861,81126.8825255
190.425,2073.37611391,81615.1532333
190.85,1808.61203927,82087.5495197
191.275,1559.34287034,82543.9674846
191.7,1326.24729132,82984.3143725
192.125,1109.98810343,83408.5085472
192.55,911.211408955,83816.4794543
192.975,730.545821571,84208.1675715
193.4,568.601703879,84583.5243465
193.825,425.970432906,84942.5121228
194.25,303.223694249,85285.1040537
194.675,200.912805536,85611.2840038
195.1,119.56806981,85921.0464387
195.525,59.6981593574,86214.3963032
195.95,21.7895304961,86491.3488875
196.375,6.30586973837,86751.9296822
196.8,13.6875717148,86996.1742214
197.225,44.3512491824,87224.1279154
197.65,98.6892753888,87435.8458721
198.075,177.069359008,87631.3927076
198.5,279.834151818,87810.8423467
198.925,407.300889226,87974.2778128
199.35,559.761063721,88121.7910088
199.775,737.480131247,88253.4824873
200.2,940.697250478,88369.4612126
200.625,1169.62505492,88469.8443131
201.05,1424.44945768,88554.756826
201.475,1705.3294888,88624.3314336
201.9,2012.39716482,88678.7081912
202.325,2345.75739047,88718.0342496
202.75,2705.48789209,88742.4635687
203.175,3091.63918241,88752.1566267
203.6,3504.23455646,88747.2801224
204.025,3943.27011807,88728.0066724
204.45,4408.71483658,88694.5145042
204.875,4900.51063321,88646.9871442
205.3,5418.57249677,88585.6131029
205.725,5962.78862789,88510.5855565
206.15,6533.02061151,88422.1020264
206.575,7129.10361674,88320.3640563
207,7750.84662383,88205.576889
207.425,8398.0326772,88077.9491416
207.85,9070.41916424,87937.6924813
208.275,9767.73811901,87785.0213019
208.7,10489.6965501,87620.1524008
209.125,11235.9767923,87443.3046592
209.55,12006.2368806,87254.6987239
209.975,12800.1109467,87054.5566927
210.4,13617.2096368,86843.1018036
210.825,14457.1205497,86620.5581288
211.25,15319.4086947,86387.1502739
211.675,16203.616969,86143.1030822
212.1,17109.2666525,85888.6413465
212.525,18035.8579212,85623.9895273
212.95,18982.8703757,85349.3714787
213.375,19949.7635872,85065.0101833
213.8,20935.9776576,84771.1274947
214.225,21940.9337937,84467.9438906
214.65,22964.0348958,84155.6782352
215.075,24004.6661583,83834.5475522
215.5,25062.1956822,83504.7668085
215.925,26135.9750992,83166.5487102
216.35,27225.3402056,82820.1035089
216.775,28329.6116065,82465.6388221
217.2,29448.0953677,82103.3594646
217.625,30580.0836773,81733.4672936
218.05,31724.8555127,81356.1610672
218.475,32881.6773161,80971.6363163
218.9,34049.8036745,80580.0852296
219.325,35228.4780056,80181.6965539
219.75,36416.9332475,79776.655507
220.175,37614.3925532,79365.1437059
220.6,38820.0699873,78947.3391089
221.025,40033.1712252,78523.4159718
221.45,41252.8942549,78093.5448186
221.875,42478.4300787,77657.8924265
222.3,43708.9634166,77216.6218244
222.725,44943.673409,76769.8923063
223.15,46181.7343187,76317.8594579
223.575,47422.316232,75860.6751962
224,48664.5857575,75398.4878233
224.425,49907.7067232,74931.4420927
224.85,51150.8408699,74459.6792877
225.275,52393.1485422,73983.3373124
225.7,53633.7893743,73502.5507944
226.125,54871.9229725,73017.4511983
226.55,56106.7095923,72528.1669502
226.975,57337.3108105,72034.8235717
227.4,58562.890191,71537.5438244
227.825,59782.6139449,71036.4478625
228.25,60995.6515836,70531.6533934
228.675,62201.1765654,70023.2758469
229.1,63398.3669342,69511.42855
229.525,64586.4059507,68996.2229087
229.95,65764.4827153,68477.7685949
230.375,66931.7927828,67956.1737377
230.8,68087.5387683,67431.5451188
231.225,69230.9309437,66903.9883707
231.65,70361.187825,66373.6081775
232.075,71477.5367504,65840.5084771
232.5,72579.2144471,65304.7926636
232.925,73665.4675899,64766.5637901
233.35,74735.5533472,64225.9247707
233.775,75788.7399178,63682.9785799
234.2,76824.3070566,63137.828451
234.625,77841.5465882,62590.5780696
235.05,78839.7629103,62041.3317646
235.475,79818.2734846,61490.1946935
235.9,80776.4093173,60937.2730228
236.325,81713.5154259,60382.6741023
236.75,82628.9512955,59826.5066325
237.175,83522.0913223,59268.8808246
237.6,84392.3252444,58709.908553
238.025,85239.0585606,58149.7034988
238.45,86061.7129364,57588.3812843
238.875,86859.7265976,57026.0595985
239.3,87632.55471,56462.8583122
239.725,88379.6697475,55898.8995827
240.15,89100.5618458,55334.3079477
240.575,89794.7391443,54769.2104088
241,90461.7281134,54203.7365027
241.425,91101.0738695,53638.0183613
241.85,91712.340476,53072.1907599
242.275,92295.1112311,52506.3911536
242.7,92848.9889416,51940.7597012
243.125,93373.596184,51375.4392771
243.55,93868.5755509,50810.5754713
243.975,94333.5898845,50246.316577
244.4,94768.3224957,49682.8135658
244.825,95172.4773698,49120.2200514
245.25,95545.7793582,48558.6922406
245.675,95887.9743563,47998.388874
246.1,96198.8294673,47439.4711534
246.525,96478.1331526,46882.1026589
246.95,96725.695367,46326.4492555
247.375,96941.3476815,45772.6789876
247.8,97124.9433908,45220.9619643
248.225,97276.3576076,44671.4702346
248.65,97395.4873421,44124.3776524
249.075,97482.2515683,43579.8597327
249.5,97536.5912752,43038.0934996
249.925,97558.469505,42499.2573252
250.35,97547.8713765,41963.5307615
250.775,97504.8040944,41431.0943643
251.2,97429.2969448,40902.1295112
251.625,97321.4012769,40376.8182129
252.05,97181.1904694,39855.3429191
252.475,97008.7598844,39337.8863189
252.9,96804.2268058,38824.6311374
253.325,96567.7303651,38315.7599277
253.75,96299.4314512,37811.45486
254.175,95999.5126082,37311.8975074
254.6,95668.177918,36817.2686297
255.025,95305.6528689,36327.7479558
255.45,94912.1842106,35843.5139644
255.875,94488.0397951,35364.7436645
256.3,94033.508404,34891.6123761
256.725,93548.8995609,34424.2935106
257.15,93034.5433312,33962.9583536
257.575,92490.7901072,33507.7758475
258,91918.0103799,33058.912378
258.425,91316.5944966,32616.5315618
258.85,90686.9524055,32180.794038
259.275,90029.5133859,31751.8572627
259.7,89344.7257652,31329.8753079
260.125,88633.0566226,30914.9986644
260.55,87894.9914792,30507.3740492
260.975,87131.0339744,30107.1442193
261.4,86341.7055294,29714.447789
261.825,85527.5449975,29329.419055
262.25,84689.1083011,28952.1878267
262.675,83826.9680559,28582.8792628
263.1,82941.7131818,28221.6137151
263.525,82033.9485019,27868.5065795
263.95,81104.2943274,27523.6681535
264.375,80153.3860316,27187.203502
264.8,79181.8736099,26859.2123303
265.225,78190.421229,26539.7888652
265.65,77179.7067628,26229.0217436
266.075,76150.4213173,25926.9939102
266.5,75103.2687427,25633.7825227
266.925,74038.9651349,25349.4588652
267.35,72958.2383251,25074.0882711
267.775,71861.8273579,24807.7300534
268.2,70750.4819593,24550.4374442
268.625,69624.9619929,24302.2575422
269.05,68486.0369063,24063.2312698
269.475,67334.4851666,23833.3933373
269.9,66171.0936866,23612.7722171
270.325,64996.6572406,23401.3901253
270.75,63811.9778708,23199.2630124
271.175,62617.864285,23006.4005621
271.6,61415.1312446,22822.8061988
272.025,60204.5989447,22648.4771022
272.45,58987.0923858,22483.4042315
272.875,57763.4407375,22327.5723563
273.3,56534.4766946,22180.9600963
273.725,55301.0358265,22043.5399677
274.15,54063.9559193,21915.2784384
274.575,52824.0763119,21796.1359892
275,51582.2372261,21686.0671832
275.425,50339.2790911,21585.020742
275.85,49096.0418633,21492.9396289
276.275,47853.364341,21409.7611379
276.7,46612.0834757,21335.4169906
277.125,45373.033679,21269.8334382
277.55,44137.046127,21212.9313703
277.975,42904.9480623,21164.6264289
278.4,41677.5620932,21124.8291287
278.825,40455.7054925,21093.4449825
279.25,39240.1894944,21070.3746315
279.675,38031.8185918,21055.5139814
280.1,36831.3898338,21048.7543425
280.525,35639.6921239,21049.9825745
280.95,34457.5055199,21059.0812358
281.375,33285.6005364,21075.9287369
281.8,32124.7374492,21100.3994969
282.225,30975.6656043,21132.3641049
282.65,29839.1227303,21171.6894835
283.075,28715.8342566,21218.239056
283.5,27606.5126363,21271.8729166
283.925,26511.8566758,21332.4480031
284.35,25432.5508719,21399.8182717
284.775,24369.2647563,21473.8348747
285.2,23322.6522484,21554.3463395
285.625,22293.3510183,21641.1987498
286.05,21281.9818589,21734.235928
286.475,20289.1480695,21833.2996189
286.9,19315.4348511,21938.2296746
287.325,18361.4087135,22048.8642403
287.75,17427.6168962,22165.0399401
288.175,16514.5868033,22286.5920642
288.6,15622.8254528,22413.3547553
289.025,14752.8189415,22545.1611952
289.45,13905.0319272,22681.8437917
289.875,13079.9071266,22823.2343641
290.3,12277.8648322,22969.1643288
290.725,11499.3024478,23119.4648834
291.15,10744.5940434,23273.9671899
291.575,10014.08993,23432.5025567
292,9308.11625636,23594.9026189
292.425,8626.97462664,23760.999517
292.85,7970.94174127,23930.6260736
293.275,7340.26906074,24103.6159678
293.7,6735.18249352,24279.8039075
294.125,6155.88210868,24459.0257993
294.55,5602.54187382,24641.1189156
294.975,5075.30941918,24825.9220584
295.4,4574.30582829,25013.2757206
295.825,4099.62545606,25203.0222438
296.25,3651.33577469,25395.0059729
296.675,3229.47724814,25589.0734064
297.1,2834.06323556,25785.073344
297.525,2465.07992429,25982.8570291
297.95,2122.48629289,26182.2782882
298.375,1806.21410467,26383.1936654
298.8,1516.16793209,26585.4625524
299.225,1252.22521248,26788.9473143
299.65,1014.23633534,26993.5134107
300.075,802.024761678,27199.0295111
300.5,615.387175472,27405.3676064
300.925,454.093667639,27612.4031141
301.35,317.887952606,27820.014979
301.775,206.487617658,28028.0857682
302.2,119.584405163,28236.5017599
302.625,56.844527712,28445.1530276
303.05,17.9090161762,28653.9335176
303.475,2.39410064688,28862.7411208
303.9,9.8916241472,29071.4777386
304.325,39.9694889752,29280.0493421
304.75,92.1721354761,29488.3660262
305.175,166.021052991,29696.3420557
305.6,261.015322678,29903.8959066
306.025,376.632191839,30110.9502995
306.45,512.327679348,30317.4322276
306.875,667.537211702,30523.2729774
307.3,841.676289173,30728.4081426
307.725,1034.14118148,30932.7776317
308.15,1244.30965235,31136.3256686
308.575,1471.54171225,31339.0007864
309,1715.18039862,31540.7558144
309.425,1974.55258267,31741.5478583
309.85,2248.96980205,31941.3382734
310.275,2537.72911832,32140.0926314
310.7,2840.1139984,32337.7806797
311.125,3155.39521888,32534.3762947
311.55,3482.83179217,32729.857428
311.975,3821.67191338,32924.2060456
312.4,4171.15392673,33117.4080614
312.825,4530.50731028,33309.4532632
313.25,4898.95367779,33500.335233
313.675,5275.70779629,33690.0512604
314.1,5659.97861808,33878.6022504
314.525,6050.9703258,34065.9926245
314.95,6447.88338905,34252.2302162
315.375,6849.9156312,34437.326161
315.8,7256.26330484,34621.2947799
316.225,7666.12217429,34804.1534586
316.65,8078.68860371,34985.9225205
317.075,8493.16064921,35166.6250953
317.5,8908.73915324,35346.2869824
317.925,9324.62883978,35524.93651
318.35,9740.03940854,35702.6043899
318.775,10154.1866267,35879.3235681
319.2,10566.2934161,36055.1290715
319.625,10975.5909352,36230.0578516
320.05,11381.3196521,36404.1486244
320.475,11782.7304098,36577.4417081
320.9,12179.0854794,36749.9788576
321.325,12569.6596006,36921.8030973
321.75,12953.7410085,37092.9585516
322.175,13330.6324439,37263.4902743
322.6,13699.6521458,37433.4440768
323.025,14060.1348246,37602.8663553
323.45,14411.4326149,37771.8039174
323.875,14752.916005,37940.3038098
324.3,15083.9747426,38108.413145
324.725,15404.0187153,38276.1789297
325.15,15712.4788034,38443.6478942
325.575,16008.8077044,38610.8663233
326,16292.4807275,38777.8798893
326.425,16562.996557,38944.7334876
326.85,16819.8779825,39111.4710748
327.275,17062.6725959,39278.1355105
327.7,17290.9534529,39444.7684022
328.125,17504.319698,39611.409955
328.55,17702.3971527,39778.0988251
328.975,17884.8388651,39944.8719785
329.4,18051.3256198,40111.7645551
329.825,18201.5664077,40278.809738
330.25,18335.2988556,40446.0386292
330.675,18452.2896123,40613.4801313
331.1,18552.3346936,40781.1608362
331.525,18635.2597835,40949.1049205
331.95,18700.9204917,41117.3340488
332.375,18749.2025675,41285.8672835
332.8,18780.0220684,41454.7210041
333.225,18793.3254844,41623.9088328
333.65,18789.0898174,41793.4415704
334.075,18767.3226148,41963.3271387
334.5,18728.0619585,42133.5705339
334.925,18671.3764081,42304.1737869
335.35,18597.3648997,42475.1359342
335.775,18506.156599,42646.452997
336.2,18397.9107102,42818.1179704
336.625,18272.8162406,42990.120821
337.05,18131.0917208,43162.4484946
337.475,17972.9848819,43335.0849332
337.9,17798.7722902,43508.0111009
338.325,17608.7589384,43681.2050192
338.75,17403.2777972,43854.6418123
339.175,17182.6893244,44028.29376
339.6,16947.3809353,44202.1303609
340.025,16697.7664343,44376.1184037
340.45,16434.2854077,44550.2220468
340.875,16157.4025805,44724.4029072
341.3,15867.6071373,44898.6201563
341.725,15565.4120083,45072.8306241
342.15,15251.3531228,45246.9889111
342.575,14925.9886301,45421.0475063
343,14589.8980896,45594.9569134
343.425,14243.6816325,45768.6657819
343.85,13887.9590946,45942.1210454
344.275,13523.3691238,46115.2680644
344.7,13150.5682615,46288.0507747
345.125,12770.2300022,46460.4118406
345.55,12383.04383,46632.2928114
345.975,11989.7142356,46803.6342827
346.4,11590.9597148,46974.3760596
346.825,11187.5117502,47144.4573231
347.25,10780.1137771,47313.8167989
347.675,10369.5201366,47482.3929265
348.1,9956.49501631,47650.1240311
348.525,9541.8113812,47816.9484936
348.95,9126.24989585,47982.8049231
349.375,8710.59783985,48147.6323261
349.8,8295.64801825,48311.3702768
350.225,7882.19766844,48473.9590839
350.65,7471.04736542,48635.3399563
351.075,7062.99992685,48795.4551651
351.5,6658.8593197,48954.2482032
351.925,6259.42957012,49111.6639402
352.35,5865.51367797,49267.6487736
352.775,5477.91253775,49422.1507751
353.2,5097.4238674,49575.1198318
353.625,4724.8411465,49726.5077813
354.05,4360.95256534,49876.2685414
354.475,4006.53998627,50024.3582329
354.9,3662.37791886,50170.7352961
355.325,3329.2325101,50315.3605997
355.75,3007.86055103,50458.1975425
356.175,2699.00850108,50599.2121475
356.6,2403.41153137,50738.3731478
357.025,2121.79258811,50875.6520648
357.45,1854.8614773,51011.0232771
357.875,1603.3139718,51144.464082
358.3,1367.83094179,51275.9547475
358.725,1149.07750962,51405.4785556
359.15,947.702230061,51533.0218374
359.575,764.336296682,51658.5739983
360,599.592775341,51782.1275349
360.425,454.06586547,51903.6780428
360.85,328.330189906,52023.2242157
361.275,222.940113923,52140.7678351
361.7,138.429094085,52256.3137521
362.125,75.3090574478,52369.8698598
362.55,34.0698116409,52481.4470579
362.975,15.1784862386,52591.0592085
363.4,19.0790058307,52698.7230838
363.825,46.1915951155,52804.4583068
364.25,96.9123162965,52908.2872828
364.675,171.61263901,53010.2351251
365.1,270.639042954,53110.3295725
365.525,394.31265335,53208.6009004
365.95,542.928909296,53305.0818255
366.375,716.757265042,53399.8074043
366.8,916.040924165,53492.8149251
367.225,1140.99660656,53584.1437961
367.65,1391.81434813,53673.8354264
368.075,1668.65733304,53761.9331037
368.5,1971.66175823,53848.4818673
368.925,2300.93673014,53933.5283768
369.35,2656.56419305,54017.1207774
369.775,3038.59888905,54099.3085623
370.2,3447.06834901,54180.1424319
370.625,3881.97291425,54259.6741507
371.05,4343.28578848,54337.9564025
371.475,4830.95311957,54415.0426436
371.9,5344.89411049,54490.9869553
372.325,5885.00115913,54565.8438949
372.75,6451.14002623,54639.6683472
373.175,7043.15003099,54712.5153749
373.6,7660.84427356,54784.4400703
374.025,8304.0098841,54855.4974071
374.45,8972.40829733,54925.7420934
374.875,9665.77555228,54995.2284265
375.3,10383.8226163,55064.0101484
375.725,11126.2357329,55132.1403048
376.15,11892.6767922,55199.671105
376.575,12682.7837236,55266.6537859
377,13496.1709105,55333.1384777
377.425,14332.4296247,55399.1740736
377.85,15191.1284813,55464.808103
378.275,16071.8139131,55530.0866078
378.7,16974.0106622,55595.0540238
379.125,17897.2222905,55659.7530649
379.55,18840.931706,55724.224613
379.975,19804.6017054,55788.5076119
380.4,20787.6755322,55852.6389658
380.825,21789.5774486,55916.6534431
381.25,22809.7133217,55980.5835854
381.675,23847.4712218,56044.4596211
382.1,24902.2220332,56108.3093852
382.525,25973.3200763,56172.1582436
382.95,27060.1037398,56236.0290238
383.375,28161.896123,56299.9419506
383.8,29278.0056868,56363.9145879
384.225,30407.7269131,56427.961786
384.65,31550.3409713,56492.0956346
385.075,32705.1163919,56556.3254218
385.5,33871.309746,56620.6575989
385.925,35048.16633,56685.0957507
386.35,36234.9208546,56749.6405722
386.775,37430.7981385,56814.2898502
387.2,38635.0138043,56879.0384516
387.625,39846.7749777,56943.8783167
388.05,41065.2809883,57008.7984586
388.475,42289.7240716,57073.7849678
388.9,43519.2900715,57138.8210227
389.325,44753.1591434,57203.8869054
389.75,45990.5064562,57268.9600227
390.175,47230.5028931,57334.0149329
390.6,48472.315751,57399.0233768
391.025,49715.1094374,57463.9543149
391.45,50958.0461646,57528.773969
391.875,52200.2866407,57593.4458683
392.3,53440.9907563,57657.9309008
392.725,54679.3182674,57722.187369
393.15,55914.4294731,57786.1710505
393.575,57145.4858882,57849.8352617
394,58371.6509107,57913.1309272
394.425,59592.0904815,57976.0066522
394.85,60805.9737396,58038.4087993
395.275,62012.473669,58100.2815684
395.7,63210.7677387,58161.5670809
396.125,64400.0385348,58222.2054669
396.55,65579.4743852,58282.1349559
396.975,66748.2699748,58341.2919699
397.4,67905.626953,58399.6112207
397.825,69050.7545317,58457.0258084
398.25,70182.8700739,58513.4673239
398.675,71301.1996727,58568.8659532
399.1,72404.9787207,58623.1505836
399.525,73493.4524691,58676.2489127
399.95,74565.8765757,58728.0875592
400.375,75621.5176435,58778.5921748
400.8,76659.6537473,58827.6875587
401.225,77679.57495,58875.2977726
401.65,78680.5838068,58921.3462577
402.075,79661.9958587,58965.7559523
402.5,80623.1401138,59008.4494106
402.925,81563.3595167,59049.348922
403.35,82482.0114064,59088.3766312
403.775,83378.4679614,59125.4546589
404.2,84252.1166326,59160.5052222
404.625,85102.3605642,59193.4507559
405.05,85928.6190014,59224.2140329
405.475,86730.3276857,59252.7182849
405.9,87506.9392369,59278.8873228
406.325,88257.9235233,59302.6456561
406.75,88982.7680173,59323.9186124
407.175,89680.9781388,59342.6324547
407.6,90352.0775853,59358.7144995
408.025,90995.6086486,59372.0932323
408.45,91611.1325176,59382.6984221
408.875,92198.2295688,59390.4612354
409.3,92756.4996417,59395.3143471
409.725,93285.5623019,59397.192051
410.15,93785.0570902,59396.0303672
410.575,94254.6437575,59391.767149
411,94694.0024864,59384.3421859
411.425,95102.8340991,59373.6973055
411.85,95480.8602511,59359.7764727
412.275,95827.8236112,59342.5258858
412.7,96143.4880276,59321.894071
413.125,96427.6386799,59297.8319724
413.55,96680.0822176,59270.2930409
413.975,96900.6468839,59239.2333183
414.4,97089.1826259,59204.6115195
414.825,97245.561191,59166.3891106
415.25,97369.6762088,59124.5303839
415.675,97461.4432589,59079.0025287
416.1,97520.7999251,59029.7756995
416.525,97547.7058352,58976.8230793
416.95,97542.1426868,58920.1209397
417.375,97504.1142588,58859.6486968
417.8,97433.6464091,58795.3889625
418.225,97330.7870581,58727.3275927
418.65,97195.6061579,58655.4537298
419.075,97028.1956479,58579.759842
419.5,96828.6693959,58500.2417575
419.925,96597.1631251,58416.8986942
420.35,96333.8343273,58329.7332847
420.775,96038.862162,58238.7515973
421.2,95712.4473415,58143.9631507
421.625,95354.8120015,58045.3809257
422.05,94966.1995588,57943.0213704
422.475,94546.8745536,57836.9044017
422.9,94097.1224793,57727.0534008
423.325,93617.2495974,57613.4952043
423.75,93107.5827389,57496.2600902
424.175,92568.4690918,57375.3817582
424.6,92000.275975,57250.8973058
425.025,91403.3905983,57122.8471985
425.45,90778.2198085,56991.2752352
425.875,90125.1898224,56856.2285086
426.3,89444.7459455,56717.7573602
426.725,88737.3522782,56575.9153301
427.15,88003.4914073,56430.7591023
427.575,87243.6640852,56282.3484443
428,86458.388895,56130.7461419
428.425,85648.2019031,55976.0179296
428.85,84813.6562985,55818.2324151
429.275,83955.3220183,55657.4609996
429.7,83073.7853613,55493.7777937
430.125,82169.6485886,55327.2595277
430.55,81243.5295109,55157.9854582
430.975,80296.0610638,54986.0372698
431.4,79327.8908708,54811.498973
431.825,78339.6807932,54634.4567968
432.25,77332.1064689,54454.9990788
432.675,76305.8568385,54273.2161501
433.1,75261.6336599,54089.2002172
433.525,74200.1510111,53903.0452399
433.95,73122.1347818,53714.8468065
434.375,72028.3221536,53524.7020048
434.8,70919.461069,53332.709291
435.225,69796.30969,53138.9683553
435.65,68659.6358461,52943.5799856
436.075,67510.2164712,52746.6459277
436.5,66348.8370315,52548.2687449
436.925,65176.2909429,52348.5516745
437.35,63993.3789791,52147.5984837
437.775,62800.9086705,51945.5133236
438.2,61599.6936939,51742.400582
438.625,60390.5532538,51538.3647367
439.05,59174.3114557,51333.5102066
439.475,57951.7966708,51127.941204
439.9,56723.8408937,50921.7615866
440.325,55491.2790926,50715.0747096
440.75,54254.9485531,50507.9832792
441.175,53015.6882146,50300.589207
441.6,51774.3380022,50092.9934654
442.025,50531.7381519,49885.295945
442.45,49288.7285307,49677.5953144
442.875,48046.1479533,49469.9888819
443.3,46804.8334929,49262.5724598
443.725,45565.6197898,49055.4402322
444.15,44329.3383557,48848.6846258
444.575,43096.8168767,48642.3961844
445,41868.8785127,48436.6634473
445.425,40646.3411965,48231.5728322
445.85,39430.016931,48027.2085222
446.275,38220.7110872,47823.6523582
446.7,37019.221701,47620.983736
447.125,35826.338772,47419.2795088
447.55,34642.843563,47218.6138959
447.975,33469.5079025,47019.0583967
448.4,32307.0934886,46820.6817111
448.825,31156.351198,46623.549666
449.25,30018.0203978,46427.7251493
449.675,28892.8282626,46233.2680494
450.1,27781.4890974,46040.2352024
450.525,26684.7036661,45848.6803465
450.95,25603.1585278,45658.6540833
451.375,24537.5253799,45470.2038464
451.8,23488.4604103,45283.3738782
452.225,22456.6036589,45098.2052131
452.65,21442.5783882,44914.7356697
453.075,20446.9904658,44732.9998491
453.5,19470.4277575,44553.0291424
453.925,18513.4595332,44374.8517448
454.35,17576.635886,44198.4926778
454.775,16660.4871647,44023.9738188
455.2,15765.523421,43851.3139385
455.625,14892.2338731,43680.5287454
456.05,14041.0863841,43511.6309377
456.475,13212.5269588,43344.6302624
456.9,12406.9792573,43179.5335813
457.325,11624.8441278,43016.3449442
457.75,10866.4991591,42855.0656677
458.175,10132.298252,42695.6944217
458.6,9422.57121316,42538.2273209
459.025,8737.62336987,42382.6580227
459.45,8077.73520706,42228.9778303
459.875,7443.16202808,42077.1758017
460.3,6834.13363892,41927.2388625
460.725,6250.85405723,41779.1519245
461.15,5693.50124651,41632.8980077
461.575,5162.22687633,41488.4583662
462,4657.15610903,41345.812618
462.425,4178.38741373,41204.9388776
462.85,3725.9924081,41065.8138912
463.275,3300.01572852,40928.4131739
463.7,2900.47492919,40792.7111497
464.125,2527.36041068,40658.6812918
464.55,2180.63537844,40526.2962645
464.975,1860.23583172,40395.5280655
465.4,1566.07058327,40266.3481685
465.825,1298.02131033,40138.727665
466.25,1055.94263715,40012.6374058
466.675,839.662249408,39888.0481418
467.1,648.981040771,39764.9306618
467.525,483.673291893,39643.2559299
467.95,343.486881974,39522.9952197
468.375,228.143533069,39404.1202457
468.8,137.339087236,39286.6032919
469.225,70.7438165862,39170.4173367
469.65,28.0027662365,39055.5361741
470.075,8.73613013694,38941.9345303
470.5,12.5396596722,38829.5881764
470.925,38.9851049034,38718.4740356
471.35,87.6206882554,38608.5702858
471.775,157.971610405,38499.8564568
472.2,249.540588075,38392.3135216
472.625,361.808423373,38285.9239818
473.05,494.234604282,38180.6719477
473.475,646.257935834,38076.543211
473.9,817.29720144,37973.5253123
474.325,1006.75185383,37871.607601
474.75,1214.00273495,37770.7812894
475.175,1438.41282415,37671.0394999
475.6,1679.3280139,37572.3773046
476.025,1936.07791229,37474.7917594
476.45,2207.97667144,37378.28193
476.875,2494.32384082,37282.8489118
477.3,2794.40524478,37188.4958425
477.725,3107.493883,37095.2279081
478.15,3432.85085292,37003.0523421
478.575,3769.72629315,36911.978418
479,4117.36034648,36822.0174352
479.425,4474.98414144,36733.1826984
479.85,4841.82079116,36645.4894912
480.275,5217.08640809,36558.9550422
480.7,5599.99113346,36473.598487
481.125,5989.74017984,36389.4408227
481.55,6385.53488563,36306.5048577
481.975,6786.57377987,36224.8151561
482.4,7192.05365587,36144.3979764
482.825,7601.17065224,36065.2812058
483.25,8013.12133971,35987.4942899
483.675,8427.1038121,35911.0681573
484.1,8842.31877994,35836.0351408
484.525,9257.97066507,35762.4288942
484.95,9673.26869454,35690.2843063
485.375,10087.4279922,35619.6374101
485.8,10499.6706662,35550.525291
486.225,10909.2268911,35482.9859902
486.65,11315.3359822,35417.0584077
487.075,11717.2474611,35352.7822011
487.5,12114.2221101,35290.1976845
487.925,12505.5330152,35229.3457244
488.35,12890.4665934,35170.2676353
488.775,13268.3236055,35113.0050737
489.2,13638.4201512,35057.5999319
489.625,14000.0886444,35004.094231
490.05,14352.6787688,34952.5300141
490.475,14695.5584108,34902.9492396
490.9,15028.1145682,34855.3936749
491.325,15349.7542342,34809.9047904
491.75,15659.905254,34766.5236555
492.175,15958.0171534,34725.2908344
492.6,16243.5619378,34686.2462841
493.025,16516.0348592,34649.4292543
493.45,16774.9551523,34614.8781884
493.875,17019.8667353,34582.6306271
494.3,17250.3388772,34552.723114
494.725,17465.9668277,34525.1911038
495.15,17666.3724112,34500.0688729
495.575,17851.2045817,34477.3894335
496,18020.1399387,34457.1844493
496.425,18172.8832033,34439.4841556
496.85,18309.1676533,34424.3172822
497.275,18428.755516,34411.7109791
497.7,18531.4383197,34401.6907468
498.125,18617.037201,34394.2803689
498.55,18685.4031693,34389.5018493
498.975,18736.417327,34387.375353
499.4,18769.9910457,34387.91915
499.825,18786.0660963,34391.1495645
500.25,18784.6147362,34397.0809262
500.675,18765.6397493,34405.7255276
501.1,18729.1744425,34417.0935835
501.525,18675.2825956,34431.1931957
501.95,18604.058367,34448.0303217
502.375,18515.6261545,34467.6087464
502.8,18410.1404105,34489.9300598
503.225,18287.7854136,34514.9936366
503.65,18148.7749965,34542.7966216
504.075,17993.3522294,34573.3339181
504.5,17821.7890615,34606.5981809
504.925,17634.3859196,34642.579813
505.35,17431.4712655,34681.266966
505.775,17213.4011123,34722.6455449
506.2,16980.5585012,34766.6992165
506.625,16733.352939,34813.4094215
507.05,16472.2197972,34862.7553902
507.475,16197.6196755,34914.7141623
507.9,15910.0377274,34969.2606097
508.325,15609.9829534,35026.3674633
508.75,15297.9874584,35086.0053426
509.175,14974.6056793,35148.1427897
509.6,14640.4135797,35212.7463048
510.025,14296.0078163,35279.7803868
510.45,13942.0048774,35349.2075756
510.875,13579.0401936,35420.9884978
511.3,13207.7672249,35495.0819151
511.725,12828.8565233,35571.4447758
512.15,12442.9947738,35650.0322688
512.575,12050.8838148,35730.7978797
513,11653.2396402,35813.69345
513.425,11250.7913837,35898.669238
513.85,10844.280288,35985.6739827
514.275,10434.4586605,36074.6549689
514.7,10022.0888164,36165.558095
515.125,9607.94201124,36258.3279423
515.55,9192.79736561,36352.9078462
515.975,8777.44078168,36449.2399689
516.4,8362.66385512,36547.2653742
516.825,7949.26278305,36646.9241026
517.25,7538.03727005,36748.155249
517.675,7129.78943378,36850.8970409
518.1,6725.32271192,36955.0869174
518.525,6325.44077195,37060.66161
518.95,5930.94642559,37167.5572234
519.375,5542.64054912,37275.7093177
519.8,5161.3210115,37385.0529909
520.225,4787.78161159,37495.522962
520.65,4422.81102592,37607.053654
521.075,4067.19176871,37719.5792784
521.5,3721.69916523,37833.0339185
521.925,3387.10034015,37947.3516133
522.35,3064.15322202,38062.466442
522.775,2753.60556524,38178.3126073
523.2,2456.19399087,38294.8245186
523.625,2172.64304724,38411.9368756
524.05,1903.66429171,38529.5847507
524.475,1649.95539463,38647.7036706
524.9,1412.19926648,38766.2296982
525.325,1191.06320928,38885.0995123
525.75,987.198093164,39004.2504876
526.175,801.237558991,39123.6207732
526.6,633.797247908,39243.1493693
527.025,485.474058551,39362.7762043
527.45,356.845432683,39482.4422083
527.875,248.468669907,39602.0893877
528.3,160.880272078,39721.6608957
528.725,94.5953179801,39841.1011035
529.15,50.1068687712,39960.3556677
529.575,27.885404641,40079.3715976
530,28.3782930876,40198.097319
530.425,52.009289147,40316.4827373
530.85,99.1780678676,40434.4792977
531.275,170.259789262,40552.0400433
531.7,265.604695919,40669.1196708
532.125,385.537743407,40785.6745842
532.55,530.358263548,40901.6629457
532.975,700.339660593,41017.0447239
533.4,895.729140284,41131.7817395
533.825,1116.74747172,41245.8377084
534.25,1363.58878196,41359.1782816
534.675,1636.42038313,41471.7710827
535.1,1935.3826319,41583.5857418
535.525,2260.58882112,41694.5939266
535.95,2612.12510314,41804.7693711
536.375,2990.05044481,41914.0878994
536.8,3394.39661346,42022.5274484
537.225,3825.16819372,42130.0680852
537.65,4282.34263463,42236.6920224
538.075,4765.87032657,42342.3836296
538.5,5275.67470757,42447.1294413
538.925,5811.65239846,42550.9181612
539.35,6373.67336623,42653.7406634
539.775,6961.58111516,42755.5899894
540.2,7575.192905,42856.4613421
540.625,8214.2999956,42956.3520755
541.05,8878.66791736,43055.261681
541.475,9568.03676684,43153.1917704
541.9,10282.1215268,43250.1460541
542.325,11020.61241,43346.1303169
542.75,11783.1752259,43441.1523892
543.175,12569.4517701,43535.2221146
543.6,13379.0602345,43628.3513141
544.025,14211.5956393,43720.5537462
544.45,15066.6302839,43811.8450641
544.875,15943.7142182,43902.242768
545.3,16842.3757313,43991.7661552
545.725,17762.1218587,44080.4362656
546.15,18702.438906,44168.2758244
546.575,19662.7929887,44255.309181
547,20642.6305876,44341.5622446
547.425,21641.3791181,44427.0624168
547.85,22658.4475143,44511.8385206
548.275,23693.2268249,44595.9207267
548.7,24745.0908219,44679.3404764
549.125,25813.3966204,44762.130402
549.55,26897.4853097,44844.3242442
549.975,27996.6825928,44925.9567672
550.4,29110.2994365,45007.0636707
550.825,30237.632729,45087.6815001
551.25,31377.9659452,45167.8475543
551.675,32530.5698185,45247.5997916
552.1,33694.7030199,45326.9767335
552.525,34869.6128408,45406.0173666
552.95,36054.5358818,45484.761044
553.375,37248.6987449,45563.247384
553.8,38451.3187293,45641.5161689
554.225,39661.6045295,45719.6072418
554.65,40878.7569358,45797.5604039
555.075,42101.9695357,45875.41531
555.5,43330.4294167,45953.2113648
555.925,44563.3178682,46030.9876188
556.35,45799.811084,46108.782664
556.775,47039.0808633,46186.6345305
557.2,48280.2953096,46264.5805841
557.625,49522.619528,46342.6574236
558.05,50765.21632,46420.9007807
558.475,52007.246874,46499.3454201
558.9,53247.8714533,46578.0250424
559.325,54486.250079,46656.9721875
559.75,55721.5432084,46736.218142
560.175,56952.9124086,46815.7928469
560.6,58179.5210237,46895.7248096
561.025,59400.5348366,46976.0410184
561.45,60615.1227243,47056.7668593
561.875,61822.4573058,47137.9260372
562.3,63021.7155832,47219.5405003
562.725,64212.0795751,47301.6303682
563.15,65392.7369419,47384.2138643
563.575,66562.8816026,47467.307252
564,67721.7143435,47550.924776
564.425,68868.4434171,47635.0786078
564.85,70002.2851327,47719.7787958
565.275,71122.4644363,47805.0332211
565.7,72228.2154815,47890.8475579
566.125,73318.78219,47977.2252392
566.55,74393.4188017,48064.1674282
566.975,75451.390414,48151.6729951
567.4,76491.9735108,48239.7384996
567.825,77514.4564798,48328.3581787
568.25,78518.1401188,48417.5239415
568.675,79502.3381308,48507.225368
569.1,80466.3776069,48597.4497159
569.525,81409.5994978,48688.1819313
569.95,82331.3590731,48779.4046672
570.375,83231.0263683,48871.0983065
570.8,84107.9866203,48963.2409913
571.225,84961.6406889,49055.8086587
571.65,85791.4054673,49148.7750813
572.075,86596.7142792,49242.1119139
572.5,87377.0172627,49335.7887461
572.925,88131.7817421,49429.7731596
573.35,88860.492586,49524.0307917
573.775,89562.6525526,49618.5254027
574.2,90237.7826216,49713.2189499
574.625,90885.4223129,49808.0716649
575.05,91505.1299919,49903.0421364
575.475,92096.4831614,49998.0873968
575.9,92659.0787398,50093.1630135
576.325,93192.5333257,50188.2231834
576.75,93696.4834493,50283.2208315
577.175,94170.5858094,50378.1077127
577.6,94614.5174971,50472.8345164
578.025,95027.976206,50567.3509739
578.45,95410.6804277,50661.6059687
578.875,95762.3696341,50755.5476481
579.3,96082.8044456,50849.1235376
579.725,96371.7667855,50942.2806552
580.15,96629.0600202,51034.9656289
580.575,96854.5090854,51127.1248128
581,97047.9605987,51218.7044055
581.425,97209.2829577,51309.6505674
581.85,97338.3664241,51399.9095381
582.275,97435.1231943,51489.4277534
582.7,97499.4874552,51578.1519612
583.125,97531.415426,51666.0293362
583.55,97530.8853867,51753.0075929
583.975,97497.8976917,51839.0350969
584.4,97432.4747693,51924.0609739
584.825,97334.6611077,52008.0352161
585.25,97204.5232264,52090.908786
585.675,97042.1496339,52172.6337167
586.1,96847.6507706,52253.1632094
586.525,96621.1589388,52332.4517268
586.95,96362.8282175,52410.4550826
587.375,96072.8343638,52487.1305276
587.8,95751.3746998,52562.4368305
588.225,95398.6679865,52636.334355
588.65,95014.9542823,52708.7851313
589.075,94600.4947884,52779.7529241
589.5,94155.5716804,52849.2032939
589.925,93680.4879253,52917.1036547
590.35,93175.5670854,52983.4233251
590.775,92641.1531077,53048.1335753
591.2,92077.6101,53111.2076673
591.625,91485.3220927,53172.6208911
592.05,90864.6927879,53232.350594
592.475,90216.1452936,53290.376205
592.9,89540.1218453,53346.6792539
593.325,88837.0835135,53401.2433837
593.75,88107.509898,53454.0543592
594.175,87351.8988089,53505.1000684
594.6,86570.765934,53554.3705195
595.025,85764.6444932,53601.8578321
595.45,84934.0848797,53647.5562238
595.875,84079.6542882,53691.4619904
596.3,83201.9363302,53733.5734826
596.725,82301.5306363,53773.8910766
597.15,81379.052446,53812.4171404
597.575,80435.1321848,53849.1559959
598,79470.415029,53884.1138758
598.425,78485.5604579,53917.298877
598.85,77481.2417945,53948.7209097
599.275,76458.145733,53978.3916423
599.7,75416.971856,54006.3244432
600.125,74358.4321388,54032.5343192
600.55,73283.2504427,54057.03785
600.975,72192.1619973,54079.8531207
601.4,71085.9128714,54100.9996508
601.825,69965.2594331,54120.4983209
602.25,68830.9677992,54138.3712977
602.675,67683.8132746,54154.6419556
603.1,66524.5797814,54169.3347983
603.525,65354.0592778,54182.4753771
603.95,64173.051168,54194.0902091
604.375,62982.3617027,54204.206694
604.8,61782.80337,54212.8530295
605.225,60575.1942787,54220.0581267
605.65,59360.3575323,54225.851525
606.075,58139.1205957,54230.2633067
606.5,56912.3146538,54233.3240114
606.925,55680.7739633,54235.0645515
607.35,54445.3351973,54235.5161271
607.775,53206.8367832,54234.7101422
608.2,51966.1182357,54232.6781217
608.625,50724.0194824,54229.4516295
609.05,49481.3801863,54225.0621875
609.475,48239.0390614,54219.5411964
609.9,46997.8331862,54212.9198581
610.325,45758.5973118,54205.2290992
610.75,44522.1631678,54196.4994973
611.175,43289.3587651,54186.7612087
611.6,42061.0076964,54176.0438985
612.025,40837.9284354,54164.376673
612.45,39620.933635,54151.7880145
612.875,38410.8294246,54138.3057182
613.3,37208.414708,54123.9568328
613.725,36014.4804618,54108.7676027
614.15,34829.8090353,54092.7634132
614.575,33655.1734524,54075.9687394
615,32491.336716,54058.4070968
615.425,31339.0511162,54040.1009962
615.85,30199.0575419,54021.0719001
616.275,29072.0847976,54001.3401839
616.7,27958.8489255,53980.9250991
617.125,26860.0525336,53959.8447394
617.55,25776.3841306,53938.1160115
617.975,24708.517469,53915.7546072
618.4,23657.1108957,53892.7749801
618.825,22622.8067122,53869.1903248
619.25,21606.2305447,53845.0125594
619.675,20607.9907244,53820.2523113
620.1,19628.6776799,53794.918906
620.525,18668.8633411,53769.0203592
620.95,17729.1005564,53742.5633717
621.375,16809.9225237,53715.5533278
621.8,15911.8422358,53687.9942961
622.225,15035.3519413,53659.8890341
622.65,14180.9226214,53631.2389949
623.075,13349.0034842,53602.044337
623.5,12540.0214757,53572.3039377
623.925,11754.3808103,53542.0154079
624.35,10992.4625202,53511.1751104
624.775,10254.6240245,53479.7781811
625.2,9541.19871987,53447.8185518
625.625,8852.49559202,53415.2889766
626.05,8188.79885003,53382.1810595
626.475,7550.36758348,53348.4852853
626.9,6937.43544341,53314.1910523
627.325,6350.21034775,53279.2867074
627.75,5788.87421193,53243.7595827
628.175,5253.58270527,53207.5960349
628.6,4744.46503391,53170.7814859
629.025,4261.62375079,53133.3004657
629.45,3805.13459339,53095.136657
629.875,3375.0463497,53056.2729408
630.3,2971.38075308,53016.6914442
630.725,2594.13240645,52976.3735899
631.15,2243.26873638,52935.300146
631.575,1918.72997741,52893.4512782
632,1620.42918725,52850.8066022
632.425,1348.25229299,52807.3452383
632.85,1102.05816892,52763.0458658
633.275,881.678746092,52717.8867791
633.7,686.919154051,52671.8459443
634.125,517.557894862,52624.9010569
634.55,373.347049707,52577.0295992
634.975,254.012518169,52528.2088993
635.4,159.254290326,52478.4161903
635.825,88.7467517106,52427.6286689
636.25,42.1390211675,52375.8235556
636.675,19.0553215519,52322.9781544
637.1,19.0953832068,52269.0699124
637.525,41.8348800767,52214.0764798
637.95,86.8258982756,52157.9757697
638.375,153.597436872,52100.7460174
638.8,241.655940598,52042.3658402
639.225,350.485864149,51982.8142957
639.65,479.550267656,51922.0709409
640.075,628.2914429,51860.1158895
640.5,796.131569743,51796.9298699
640.925,982.473402225,51732.4942814
641.35,1186.70098369,51666.7912504
641.775,1408.18039031,51599.8036852
642.2,1646.26050218,51531.51533
642.625,1900.27380136,51461.9108182
643.05,2169.53719584,51390.9757243
643.475,2453.35286869,51318.6966144
643.9,2751.00915135,51245.0610961
644.325,3061.78142009,51170.0578666
644.75,3384.93301465,51093.6767589
645.175,3719.71617783,51015.9087882
645.6,4065.37301501,50936.7461945
646.025,4421.13647228,50856.1824853
646.45,4786.2313321,50774.2124761
646.875,5159.87522501,50690.8323284
647.3,5541.27965615,50606.0395873
647.725,5929.65104532,50519.8332156
648.15,6324.1917789,50432.2136271
648.575,6724.10127244,50343.1827176
649,7128.57704233,50252.743893
649.425,7536.81578501,50160.9020968
649.85,7948.01446217,50067.6638335
650.275,8361.37139045,49973.0371912
650.7,8776.08733394,49877.0318614
651.125,9191.36659791,49779.6591557
651.55,9606.41812213,49680.9320216
651.975,10020.4565721,49580.8650538
652.4,10432.7034265,49479.4745049
652.825,10842.3880592,49376.778292
653.25,11248.7488143,49272.7960016
653.675,11651.0340724,49167.5488915
654.1,12048.5033058,49061.0598895
654.525,12440.4281224,48953.3535905
654.95,12826.093295,48844.4562497
655.375,13204.7977758,48734.3957734
655.8,13575.8556929,48623.2017071
656.225,13938.5973285,48510.9052206
656.65,14292.3700767,48397.5390904
657.075,14636.5393791,48283.1376785
657.5,14970.4896368,48167.7369094
657.925,15293.6250976,48051.3742436
658.35,15605.3707159,47934.0886477
658.775,15905.1729854,47815.920563
659.2,16192.5007415,47696.9118694
659.625,16466.8459337,47577.1058482
660.05,16727.7243646,47456.5471406
660.475,16974.6763969,47335.2817044
660.9,17207.2676244,47213.3567673
661.325,17425.0895078,47090.8207775
661.75,17627.7599735,46967.7233519
662.175,17814.9239743,46844.1152213
662.6,17986.2540109,46720.0481732
663.025,18141.4506136,46595.5749918
663.45,18280.2427837,46470.7493958
663.875,18402.3883923,46345.6259735
664.3,18507.6745381,46220.2601156
664.725,18595.9178609,46094.7079462
665.15,18666.9648134,45969.0262509
665.575,18720.691887,45843.2724033
666,18757.0057952,45717.5042896
666.425,18775.8436111,45591.7802311
666.85,18777.1728603,45466.158905
667.275,18760.991569,45340.6992639
667.7,18727.3282665,45215.4604537
668.125,18676.2419431,45090.5017296
668.55,18607.8219623,44965.8823722
668.975,18522.1879283,44841.6616011
669.4,18419.4895091,44717.8984889
669.825,18299.9062149,44594.6518736
670.25,18163.6471325,44471.9802708
670.675,18010.9506163,44349.941786
671.1,17842.0839362,44228.5940254
671.525,17657.3428836,44107.9940086
671.95,17457.0513352,43988.1980795
672.375,17241.5607763,43869.2618194
672.8,17011.2497836,43751.2399589
673.225,16766.5234698,43634.1862924
673.65,16507.8128891,43518.153592
674.075,16235.574406,43403.1935235
674.5,15950.2890283,43289.3565634
674.925,15652.4617051,43176.691918
675.35,15342.6205907,43065.2474433
675.775,15021.3162772,42955.069568
676.2,14689.120995,42846.203218
676.625,14346.6277845,42738.6917434
677.05,13994.4496389,42632.5768487
677.475,13633.2186207,42527.8985247
677.9,13263.5849524,42424.6949845
678.325,12886.2160843,42323.0026019
678.75,12501.7957388,42222.8558538
679.175,12111.0229357,42124.2872656
679.6,11714.6109967,42027.3273609
680.025,11313.2865342,41932.0046143
680.45,10907.7884234,41838.345409
680.875,10498.8667602,41746.3739986
681.3,10087.2818078,41656.1124724
681.725,9673.80293158,41567.580726
682.15,9259.20752512,41480.7964366
682.575,8844.27992949,41395.775042
683,8429.81034635,41312.5297255
683.425,8016.59374735,41231.071405
683.85,7605.42878114,41151.4087274
684.275,7197.11667986,41073.5480677
684.7,6792.46016661,40997.4935338
685.125,6392.26236556,40923.2469755
685.55,5997.32571633,40850.8079992
685.975,5608.45089418,40780.1739875
686.4,5226.4357376,40711.3401241
686.825,4852.07418478,40644.2994238
687.25,4486.15522052,40579.0427667
687.675,4129.46183489,40515.5589388
688.1,3782.76999523,40453.834676
688.525,3446.84763281,40393.8547142
688.95,3122.45364536,40335.601843
689.375,2810.33691701,40279.0569646
689.8,2511.23535662,40224.1991574
690.225,2225.87495596,40171.0057426
690.65,1954.96886869,40119.4523567
691.075,1699.21651133,40069.5130262
691.5,1459.30268736,40021.1602476
691.925,1235.89673525,39974.3650695
692.35,1029.6517016,39929.0971794
692.775,841.203540099,39885.3249923
693.2,671.170337285,39843.0157431
693.625,520.151565828,39802.1355811
694.05,388.727366072,39762.6496674
694.475,277.457856548,39724.5222733
694.9,186.882474055,39687.7168818
695.325,117.519343895,39652.1962898
695.75,69.8646807719,39617.9227117
696.175,44.3922208092,39584.857884
696.6,41.552685097,39552.9631709
697.025,61.773275117,39522.1996694
697.45,105.45720034,39492.5283153
697.875,172.983238241,39463.9099887
698.3,264.705326924,39436.3056189
698.725,380.952190488,39409.6762884
699.15,522.026997236,39383.983336
699.575,688.20705075,39359.1884584
700,879.743513836,39335.2538103
