wavelength_nm,bare_R,design_R,design_R_s_55deg,design_R_p_55deg,dR_dd_per_nm
450,0.420023414092,0.151790342664,0.253136472623,0.0421875044198,0.0147512584557
451.25,0.418969551204,0.14831872594,0.249176273176,0.0406924747202,0.0146052091621
452.5,0.417912293174,0.144902700494,0.245298240094,0.0392321931027,0.014454513959
453.75,0.416851627559,0.141542975489,0.24150365265,0.0378063161915,0.0142993305788
455,0.415787541911,0.138240214754,0.237793702046,0.0364144918153,0.0141398191883
456.25,0.414720023777,0.134995036927,0.23416949078,0.0350563596709,0.0139761421286
457.5,0.413649060701,0.131808015649,0.230632032211,0.0337315519677,0.0138084636537
458.75,0.412574640223,0.128679679828,0.227182250321,0.0324396940524,0.01363694967
460,0.411653899934,0.125608656859,0.223746834833,0.0312198914325,0.0134707592464
461.25,0.410819341466,0.122591063629,0.220351489792,0.0300528822584,0.0133060309033
462.5,0.409982841383,0.119627238037,0.217037036492,0.0289157453638,0.0131378354448
463.75,0.409144396061,0.116717565692,0.213804168023,0.0278081215284,0.0129663208572
465,0.408304001905,0.113862394711,0.210653501576,0.0267296471369,0.0127916358492
466.25,0.407461655349,0.111062036137,0.20758557883,0.0256799546468,0.0126139296484
467.5,0.406617352859,0.108316764387,0.204600866485,0.0246586730391,0.0124333518011
468.75,0.405771090931,0.105626817747,0.201699756929,0.0236654282538,0.0122500519755
470,0.404922866094,0.10299239889,0.198882569035,0.0226998436087,0.0120641797677
471.25,0.404072674909,0.100413675437,0.196149549084,0.0217615402031,0.011875884513
472.5,0.403220513972,0.09789078054,0.19350087181,0.0208501373053,0.0116853151002
473.75,0.402366379912,0.095423813501,0.190936641564,0.0199652527254,0.0114926197921
475,0.401510269395,0.0930128404138,0.188456893579,0.0191065031735,0.0112979460501
476.25,0.400652179123,0.0906578948346,0.186061595344,0.0182735046019,0.0111014403649
477.5,0.399874272584,0.0884008958672,0.183755433243,0.0175006010923,0.0109104995208
478.75,0.399183815983,0.0862409288966,0.181531881124,0.016788313226,0.0107260002379
480,0.39849194033,0.0841309505443,0.179383144664,0.0160979488318,0.0105402590118
481.25,0.39779864225,0.0820708335892,0.17730893536,0.0154291408908,0.0103533981476
482.5,0.397103918362,0.0800604267574,0.175308915632,0.0147815235778,0.0101655382993
483.75,0.396407765285,0.0780995554319,0.173382700393,0.0141547324791,0.00997679837126
485,0.395710179637,0.0761880223684,0.171529858655,0.0135484047991,0.00978729542409
486.25,0.395011158033,0.0743256084182,0.169749915174,0.012962179556,0.0095971445873
487.5,0.394310697086,0.0725120732545,0.168042352113,0.0123956977669,0.00940645897683
488.75,0.39360879341,0.0707471561029,0.166406610736,0.0118486026228,0.00921534961851
490,0.392905443616,0.0690305764734,0.164842093116,0.0113205396531,0.00902392537694
491.25,0.392200644315,0.067362034894,0.163348163857,0.0108111568812,0.00883229289005
492.5,0.391494392115,0.0657412136432,0.161924151827,0.0103201049701,0.00864055650909
493.75,0.390786683626,0.0641677774819,0.160569351895,0.00984703735951,0.00844881824407
495,0.390077515455,0.0626413743825,0.159283026665,0.0093916103937,0.00825717771458
496.25,0.389408801713,0.0611561360315,0.158036491423,0.00896214865786,0.00806795246314
497.5,0.388846759302,0.0597010193348,0.156782556109,0.00857135482434,0.00788461015983
498.75,0.388283795072,0.0582886747537,0.155590858202,0.00819630470615,0.00770146283301
500,0.387719907293,0.0569187429997,0.15446067461,0.00783668865767,0.00751859342319
501.25,0.387155094232,0.0555908526104,0.153391259565,0.00749220009296,0.00733608267167
502.5,0.386589354158,0.0543046205522,0.152381846035,0.00716253556139,0.00715400910132
503.75,0.38602268534,0.0530596528143,0.151431647123,0.00684739481731,0.00697244900113
505,0.385455086045,0.051855544997,0.150539857451,0.00654648088375,0.00679147641449
506.25,0.384886554541,0.0506918828902,0.149705654519,0.00625950011057,0.00661116313087
507.5,0.384317089094,0.0495682430438,0.148928200043,0.00598616222705,0.00643157868114
508.75,0.383746687972,0.0484841933291,0.148206641269,0.00572618038947,0.00625279033599
510,0.383175349442,0.0474392934902,0.14754011226,0.00547927122359,0.00607486310771
511.25,0.382603071769,0.0464330956858,0.146927735153,0.00524515486238,0.00589785975485
512.5,0.382029853221,0.0454651450201,0.146368621393,0.00502355497926,0.00572184078997
513.75,0.381455692063,0.0445349800638,0.145861872934,0.00481419881681,0.00554686449004
515,0.380880586564,0.0436421333632,0.145406583404,0.00461681721152,0.00537298690962
516.25,0.380304534988,0.0427861319385,0.145001839245,0.00443114461439,0.00520026189642
517.5,0.379808082017,0.0419408331133,0.144578729791,0.00426938583179,0.00503142090404
518.75,0.379342290598,0.0411201797545,0.144176761075,0.0041234078394,0.00486471783472
520,0.378875882952,0.0403335031641,0.143821345289,0.00398807784139,0.00469913119384
521.25,0.378408858186,0.039580359327,0.14351164015,0.00386315748588,0.00453470531084
522.5,0.377941215407,0.0388603007848,0.143246799974,0.00374841176663,0.00437148262353
523.75,0.37747295372,0.0381728770235,0.14302597653,0.0036436090259,0.00420950370032
525,0.377004072234,0.0375176348507,0.142848319873,0.00354852095474,0.00404880726406
526.25,0.376534570055,0.0368941187622,0.142712979134,0.00346292259072,0.00388943021712
527.5,0.376064446291,0.0363018712979,0.142619103288,0.00338659231333,0.00373140766793
528.75,0.37559370005,0.035740433387,0.142565841895,0.00331931183704,0.00357477295855
530,0.375122330441,0.0352093446831,0.142552345803,0.00326086620232,0.00341955769346
531.25,0.374650336572,0.0347081438877,0.142577767827,0.0032110437646,0.0032657917693
532.5,0.374177717552,0.0342363690641,0.142641263396,0.0031696361813,0.00311350340555
533.75,0.373704472492,0.0337935579402,0.142741991174,0.00313643839711,0.00296271917599
535,0.3732306005,0.0333792482009,0.14287911365,0.00311124862751,0.00281346404095
536.25,0.372756100688,0.0329929777705,0.143051797697,0.00309386834082,0.00266576138019
537.5,0.372280972166,0.0326342850841,0.143259215106,0.0030841022386,0.00251963302636
538.75,0.371805214047,0.0323027093493,0.143500543093,0.00308175823474,0.00237509929897
540,0.371394071068,0.0319686609829,0.143718746089,0.00309583494659,0.00223225482754
541.25,0.37100787122,0.0316493306518,0.143947820617,0.00312063437324,0.00209094335304
542.5,0.370621273547,0.0313555937605,0.144208942099,0.0031524228561,0.00195113246421
543.75,0.370234277689,0.0310870263194,0.144501359634,0.00319102643934,0.00181283882741
545,0.369846883289,0.0308432055793,0.144824328118,0.00323627403192,0.00167607783317
546.25,0.369459089989,0.0306237102308,0.145177108609,0.00328799738484,0.00154086362699
547.5,0.369070897432,0.0304281205949,0.14555896867,0.00334603106738,0.0014072091402
548.75,0.368682305263,0.0302560188064,0.145969182694,0.00341021244265,0.00127512612098
550,0.368293313128,0.0301069889883,0.146407032202,0.00348038164231,0.00114462516542
551.25,0.367903920673,0.0299806174193,0.146871806126,0.0035563815406,0.00101571574852
552.5,0.367514127545,0.0298764926927,0.14736280107,0.00363805772775,0.000888406255242
553.75,0.367123933393,0.0297942058681,0.147879321556,0.00372525848278,0.000762704011407
555,0.366733337866,0.029733350616,0.148420680243,0.00381783474581,0.000638615314483
556.25,0.366342340614,0.0296935233544,0.148986198137,0.0039156400898,0.000516145464224
557.5,0.36595094129,0.0296743233789,0.14957520478,0.00401853069194,0.000395298793109
558.75,0.365559139546,0.0296753529858,0.150187038419,0.00412636530457,0.00027607869655
560,0.365166935035,0.0296962175878,0.150821046165,0.00423900522584,0.000158487662842
561.25,0.364774327413,0.0297365258241,0.151476584131,0.00435631426993,4.25273028296e-05
562.5,0.364381316335,0.0297958896634,0.152153017559,0.00447815873715,-7.18016207502e-05
563.75,0.363996330917,0.0298700853383,0.152839828431,0.00460481432837,-0.000183989765038
565,0.36367281959,0.0299336513454,0.15347304418,0.00473849384514,-0.000290877394957
566.25,0.36334901488,0.0300137828707,0.154124086291,0.00487590762989,-0.00039625344411
567.5,0.363024916484,0.0301101349035,0.154792408198,0.00501694030142,-0.000500120436023
568.75,0.362700524099,0.03022236598,0.155477471952,0.00516147865901,-0.000602481513319
570,0.362375837424,0.0303501382375,0.156178748255,0.0053094116525,-0.000703340413919
571.25,0.362050856156,0.0304931174647,0.156895716487,0.00546063035246,-0.000802701447648
572.5,0.361725579993,0.0306509731468,0.157627864721,0.00561502792027,-0.00090056947328
573.75,0.361400008633,0.0308233785065,0.158374689729,0.0057724995784,-0.000996949876016
575,0.361074141772,0.031010010542,0.159135696984,0.00593294258072,-0.0010918485454
576.25,0.360747979109,0.0312105500592,0.159910400648,0.00609625618281,-0.00118527185369
577.5,0.360421520342,0.0314246817016,0.160698323558,0.00626234161257,-0.00127722663467
578.75,0.360094765168,0.0316520939761,0.161498997203,0.00643110204078,-0.00136772016296
580,0.359767713284,0.031892479275,0.162311961692,0.00660244255192,-0.00145676013371
581.25,0.359440364389,0.0321455338945,0.16313676572,0.0067762701151,-0.00154435464285
582.5,0.35911271818,0.0324109580507,0.163972966524,0.00695249355519,-0.00163051216771
583.75,0.358784774355,0.0326884558916,0.164820129837,0.00713102352408,-0.0017152415482
585,0.358456532611,0.0329777355065,0.165677829834,0.00731177247225,-0.0017985519684
586.25,0.358127992646,0.0332785089321,0.166545649075,0.0074946546204,-0.00188045293856
587.5,0.357799154158,0.0335904921569,0.16742317844,0.00767958593146,-0.00196095427773
588.75,0.357470016844,0.0339134051211,0.168310017067,0.00786648408267,-0.00204006609665
590,0.357140580403,0.034246971716,0.169205772276,0.008055268438,-0.00211779878126
591.25,0.356859007674,0.0345745629015,0.170086274852,0.00825602358792,-0.00219584085023
592.5,0.356599901044,0.0349050912667,0.170964791992,0.00846353111963,-0.00227336000099
593.75,0.356340614566,0.0352460956367,0.171852348459,0.00867297795952,-0.00234958463255
595,0.356081148117,0.0355973225157,0.172748583238,0.00888428974271,-0.00242452417665
596.25,0.355821501574,0.0359585219261,0.173653142527,0.00909739358968,-0.00249818829344
597.5,0.355561674812,0.0363294474027,0.174565679674,0.00931221808256,-0.00257058685803
598.75,0.355301667709,0.0367098559856,0.1754858551,0.0095286932416,-0.00264172994739
600,0.355041480141,0.0370995082108,0.176413336236,0.00974675050189,-0.0027116278277
601.25,0.354781111984,0.0374981680993,0.177347797442,0.00996632269029,-0.00278029094198
602.5,0.354520563117,0.0379056031448,0.178288919934,0.0101873440026,-0.00284772989813
603.75,0.354259833415,0.0383215842994,0.179236391706,0.0104097499812,-0.00291395545733
605,0.353998922756,0.0387458859583,0.180189907449,0.0106334774922,-0.00297897852275
606.25,0.353737831018,0.0391782859424,0.181149168469,0.0108584647041,-0.00304281012872
607.5,0.353476558077,0.0396185654806,0.182113882604,0.0110846510652,-0.00310546143006
608.75,0.353215103811,0.0400665091899,0.18308376414,0.0113119772826,-0.00316694369195
610,0.352953468098,0.0405219050544,0.184058533727,0.0115403853007,-0.00322726828
611.25,0.352691650815,0.0409845444041,0.185037918289,0.0117698182799,-0.00328644665066
612.5,0.352429651841,0.0414542218915,0.186021650939,0.0120002205761,-0.00334449034202
613.75,0.352167471053,0.0419307354678,0.18700947089,0.0122315377202,-0.00340141096488
615,0.351905108329,0.042413886358,0.188001123366,0.0124637163975,-0.0034572201941
616.25,0.351642563548,0.0429034790352,0.188996359513,0.0126967044279,-0.00351192976032
617.5,0.351379836587,0.043399321194,0.18999493631,0.0129304507461,-0.00356555144191
618.75,0.351116927326,0.0439012237232,0.190996616477,0.0131649053821,-0.00361809705729
620,0.350857052867,0.0444075358178,0.191998730361,0.0134004108831,-0.00366961426017
621.25,0.350634020956,0.0449027372415,0.192975645846,0.013641057203,-0.00372050866269
622.5,0.350410856443,0.0454035350413,0.193955346814,0.0138823201652,-0.00377039508172
623.75,0.350187559249,0.0459097578265,0.194937621557,0.0141241548795,-0.00381928468553
625,0.349964129294,0.0464212370927,0.195922263412,0.0143665174209,-0.00386718865533
626.25,0.3497405665,0.0469378071938,0.196909070672,0.0146093648124,-0.0039141181793
627.5,0.349516870787,0.0474593053131,0.197897846507,0.0148526550088,-0.00396008444703
628.75,0.349293042076,0.0479855714347,0.198888398884,0.0150963468794,-0.00400509864405
630,0.349069080288,0.0485164483139,0.199880540479,0.0153404001919,-0.00404917194662
631.25,0.348844985344,0.0490517814479,0.200874088602,0.0155847755965,-0.00409231551679
632.5,0.348620757165,0.0495914190455,0.201868865115,0.0158294346095,-0.00413454049759
633.75,0.348396395672,0.0501352119973,0.202864696349,0.0160743395981,-0.00417585800847
635,0.348171900787,0.0506830138447,0.203861413025,0.0163194537649,-0.0042162791409
636.25,0.347947272429,0.0512346807499,0.204858850179,0.0165647411325,-0.00425581495423
637.5,0.347722510521,0.0517900714648,0.205856847075,0.0168101665287,-0.00429447647165
638.75,0.347497614984,0.0523490472997,0.206855247135,0.0170556955719,-0.00433227467642
640,0.34727258574,0.0529114720931,0.207853897858,0.0173012946563,-0.00436922050819
641.25,0.347047422709,0.0534772121795,0.208852650741,0.0175469309379,-0.00440532485958
642.5,0.346822125813,0.0540461363591,0.20985136121,0.0177925723203,-0.00444059857285
643.75,0.346596694974,0.054618115866,0.210849888536,0.0180381874409,-0.0044750524368
645,0.346371130113,0.0551930243368,0.211848095768,0.0182837456574,-0.00450869718375
646.25,0.346145431152,0.0557707377798,0.212845849655,0.0185292170342,-0.00454154348677
647.5,0.345919598013,0.0563511345433,0.213843020575,0.0187745723295,-0.00457360195695
648.75,0.345693630617,0.0569340952843,0.214839482462,0.019019782982,-0.00460488314093
650,0.345467528886,0.0575195029377,0.215835112736,0.0192648210984,-0.00463539751845
651.25,0.345241292742,0.0581072426848,0.216829792234,0.0195096594411,-0.00466515550015
652.5,0.345014922108,0.0586972019225,0.217823405136,0.019754271415,-0.00469416742538
653.75,0.344839164632,0.0592691064069,0.218785252448,0.0200059972483,-0.00472348519456
655,0.344663324969,0.0598432303755,0.219746324781,0.0202575401006,-0.00475210289845
656.25,0.34448740308,0.0604194708896,0.220706515789,0.0205088756221,-0.00478002993823
657.5,0.344311398926,0.0609977269705,0.221665722052,0.0207599800313,-0.00480727564818
658.75,0.344135312466,0.0615778995724,0.222623843019,0.0210108301047,-0.00483384929406
660,0.34395914366,0.0621598915548,0.223580780945,0.0212614031661,-0.00485976007169
661.25,0.34378289247,0.0627436076555,0.224536440839,0.0215116770767,-0.00488501710556
662.5,0.343606558856,0.0633289544636,0.225490730402,0.0217616302242,-0.00490962944759
663.75,0.343430142777,0.0639158403927,0.226443559979,0.0220112415138,-0.00493360607591
665,0.343253644195,0.0645041756543,0.227394842496,0.0222604903576,-0.00495695589379
666.25,0.34307706307,0.0650938722312,0.228344493411,0.0225093566655,-0.00497968772861
667.5,0.342900399362,0.0656848438511,0.22929243066,0.0227578208354,-0.00500181033093
668.75,0.342723653031,0.0662770059608,0.230238574604,0.0230058637442,-0.00502333237365
670,0.342546824039,0.0668702757002,0.231182847976,0.0232534667384,-0.0050442624512
671.25,0.342369912345,0.0674645718765,0.232125175835,0.0235006116253,-0.00506460907886
672.5,0.34219291791,0.0680598149385,0.233065485509,0.0237472806639,-0.0050843806921
673.75,0.342015840695,0.0686559269521,0.234003706553,0.0239934565568,-0.005103585646
675,0.34183868066,0.0692528315743,0.234939770697,0.0242391224409,-0.00512223221475
676.25,0.341661437766,0.069850454029,0.235873611797,0.0244842618796,-0.00514032859122
677.5,0.341484111973,0.0704487210823,0.236805165792,0.0247288588544,-0.00515788288653
678.75,0.341306703241,0.0710475610181,0.237734370657,0.0249728977567,-0.00517490312975
680,0.341129211533,0.071646903614,0.238661166357,0.02521636338,-0.0051913972676
681.25,0.340951636807,0.0722466801173,0.2395854948,0.025459240912,-0.00520737316425
682.5,0.340773979025,0.0728468232216,0.240507299802,0.0257015159271,-0.00522283860113
683.75,0.340596238148,0.0734472670436,0.241426527033,0.0259431743785,-0.00523780127678
685,0.340418414135,0.0740479470992,0.242343123986,0.0261842025913,-0.00525226880681
686.25,0.340240506948,0.0746488002816,0.243257039925,0.0264245872547,-0.00526624872386
687.5,0.340062516548,0.0752497648382,0.244168225855,0.0266643154154,-0.00527974847756
688.75,0.339884442895,0.0758507803481,0.245076634474,0.02690337447,-0.00529277543463
690,0.339745060879,0.0764449202033,0.245973459441,0.0271511302441,-0.00530658004982
691.25,0.339607244101,0.0770389824998,0.246867484863,0.027398690467,-0.00531998340399
692.5,0.339469377593,0.07763320212,0.247759039073,0.0276456545895,-0.00533294059825
693.75,0.339331461338,0.0782275233931,0.248648078034,0.0278920109437,-0.00534545834633
695,0.339193495317,0.0788218918291,0.249534559206,0.0281377481722,-0.00535754328757
696.25,0.339055479513,0.0794162540988,0.250418441504,0.0283828552221,-0.00536920198705
697.5,0.338917413908,0.0800105580152,0.251299685273,0.0286273213389,-0.00538044093578
698.75,0.338779298484,0.0806047525142,0.25217825225,0.0288711360609,-0.00539126655082
700,0.338641133224,0.0811987876362,0.253054105536,0.0291142892132,-0.00540168517555
701.25,0.338502918109,0.0817926145078,0.253927209563,0.0293567709024,-0.00541170307991
702.5,0.338364653121,0.0823861853233,0.254797530062,0.0295985715107,-0.00542132646062
703.75,0.338226338244,0.0829794533268,0.255665034037,0.0298396816911,-0.00543056144152
705,0.338087973458,0.0835723727947,0.25652968973,0.0300800923614,-0.00543941407382
706.25,0.337949558747,0.084164899018,0.257391466599,0.0303197946996,-0.00544789033651
707.5,0.337811094093,0.084756988285,0.258250335282,0.0305587801383,-0.00545599613663
708.75,0.337672579478,0.0853485978645,0.259106267575,0.0307970403598,-0.0054637373097
710,0.337534014883,0.0859396859886,0.259959236404,0.0310345672916,-0.00547111962008
711.25,0.337395400292,0.0865302118366,0.260809215794,0.0312713531007,-0.00547814876136
712.5,0.337256735687,0.0871201355181,0.261656180849,0.0315073901895,-0.00548483035682
713.75,0.337118021049,0.0877094180571,0.262500107721,0.0317426711912,-0.00549116995983
715,0.336979256362,0.0882980213764,0.263340973589,0.0319771889644,-0.00549717305432
716.25,0.336840441607,0.0888859082814,0.264178756631,0.0322109365897,-0.00550284505523
717.5,0.336701576766,0.0894730424447,0.265013436002,0.0324439073642,-0.00550819130901
718.75,0.336562661823,0.0900593883913,0.265844991811,0.0326760947981,-0.00551321709407
720,0.33642369676,0.0906449114829,0.266673405093,0.0329074926097,-0.00551792762129
721.25,0.336284681558,0.0912295779035,0.267498657794,0.0331380947217,-0.00552232803456
722.5,0.3361456162,0.0918133546449,0.268320732741,0.0333678952567,-0.00552642341127
723.75,0.336006500668,0.0923962094919,0.269139613628,0.0335968885335,-0.00553021876282
725,0.335867334946,0.0929781110083,0.269955284985,0.0338250690631,-0.0055337190352
726.25,0.335728119014,0.0935590285231,0.270767732168,0.0340524315444,-0.00553692910949
727.5,0.335588852856,0.0941389321164,0.27157694133,0.0342789708611,-0.00553985380245
728.75,0.335449536454,0.0947177926061,0.272382899405,0.0345046820771,-0.00554249786703
730,0.335328358979,0.0952931764484,0.273182746168,0.0347341162769,-0.00554542742565
731.25,0.33522143879,0.0958657318355,0.273977314417,0.0349663547497,-0.00554852780911
732.5,0.335114488904,0.0964373662095,0.274768895038,0.0351978307363,-0.00555136260456
733.75,0.335007509312,0.0970080525971,0.275557475609,0.0354285396625,-0.00555393615823
735,0.334900500007,0.0975777646812,0.276343044403,0.0356584771148,-0.00555625275945
736.25,0.334793460979,0.0981464767884,0.277125590361,0.0358876388369,-0.00555831664115
737.5,0.33468639222,0.0987141638783,0.277905103085,0.0361160207265,-0.00556013198033
738.75,0.334579293724,0.0992808015315,0.278681572817,0.0363436188326,-0.00556170289863
740,0.33447216548,0.0998463659386,0.279454990421,0.036570429352,-0.00556303346283
741.25,0.334365007482,0.100410833889,0.280225347373,0.0367964486264,-0.00556412768536
742.5,0.334257819722,0.100974182762,0.280992635741,0.0370216731397,-0.00556498952485
743.75,0.33415060219,0.101536390511,0.281756848173,0.0372460995147,-0.00556562288663
745,0.33404335488,0.10209743566,0.282517977879,0.0374697245108,-0.00556603162328
746.25,0.333936077782,0.102657297287,0.283276018621,0.0376925450205,-0.00556621953514
747.5,0.333828770889,0.103215955017,0.284030964694,0.0379145580673,-0.00556619037087
748.75,0.333721434193,0.103773389013,0.284782810917,0.0381357608028,-0.00556594782794
750,0.333614067685,0.104329579962,0.285531552617,0.0383561505039,-0.00556549555321
