wavelength_nm,psi_measured_deg,delta_raw_deg,delta_api_deg,psi_fit_deg,delta_fit_source_deg,psi_residual_deg,delta_residual_source_deg
400.07646,32.75947,227.42732,-227.42732,32.1393127427,227.360925386,-0.620157257252,-0.0663946141499
400.51975,32.84076,227.88275,-227.88275,32.1350929627,227.919986563,-0.705667037293,0.0372365626629
400.96301,32.84675,228.4859,-228.4859,32.1305436225,228.476718399,-0.716206377487,-0.00918160097547
401.40625,32.88867,229.08214,-229.08214,32.1256672255,229.03114726,-0.763002774468,-0.0509927396884
401.84946,32.83736,229.67739,-229.67739,32.1204664602,229.583274224,-0.716893539777,-0.0941157763608
402.29264,32.84345,230.27092,-230.27092,32.1149438894,230.133112736,-0.728506110573,-0.137807264312
402.7358,32.8278,230.6976,-230.6976,32.1091019149,230.680688362,-0.718698085103,-0.0169116378004
403.17894,32.80989,231.21908,-231.21908,32.1029430277,231.22601398,-0.706946972255,0.00693397986322
403.62205,32.76014,231.49676,-231.49676,32.0964698454,231.769090032,-0.66367015461,0.272330032123
404.06513,32.75986,232.22681,-232.22681,32.0896848344,232.309929144,-0.670175165601,0.0831191439013
404.50819,32.79119,232.89712,-232.89712,32.0825902761,232.848555876,-0.708599723857,-0.0485641235433
404.95122,32.71519,233.28404,-233.28404,32.0751887448,233.384970236,-0.640001255181,0.100930236084
405.39423,32.71002,233.8608,-233.8608,32.0674824681,233.919196306,-0.642537531896,0.0583963062882
405.83721,32.73804,234.0647,-234.0647,32.0594739963,234.451233819,-0.678566003664,0.386533819332
406.28017,32.74908,235.06053,-235.06053,32.0511655079,234.981106396,-0.697914492122,-0.0794236036203
406.7231,32.70555,235.36747,-235.36747,32.0425595332,235.508813509,-0.662990466818,0.141343508673
407.16601,32.68449,235.95138,-235.95138,32.0336582057,236.03437833,-0.650831794292,0.0829983298296
407.60889,32.63329,236.52353,-236.52353,32.02446404,236.557800083,-0.60882595996,0.0342700825482
408.05174,32.61263,236.96894,-236.96894,32.0149793466,237.079089759,-0.597650653368,0.110149759469
408.49458,32.65842,237.45146,-237.45146,32.0052059759,237.59828159,-0.653214024068,0.146821589703
408.93738,32.61745,238.07924,-238.07924,31.9951468677,238.115350997,-0.622303132278,0.0361109970477
409.38016,32.59784,238.40048,-238.40048,31.9848038453,238.630331845,-0.613036154734,0.229851844653
409.82292,32.58112,239.01383,-239.01383,31.9741791582,239.143234346,-0.606940841839,0.129404346121
410.26565,32.55663,239.55525,-239.55525,31.963275298,239.654057049,-0.593354702021,0.0988070487666
410.70836,32.51193,240.07458,-240.07458,31.9520942636,240.162821473,-0.559835736427,0.0882414732428
411.15104,32.60209,240.53608,-240.53608,31.9406385472,240.669525964,-0.661451452778,0.133445963831
411.59369,32.55662,241.08878,-241.08878,31.9289103937,241.174180282,-0.627709606339,0.0854002819269
412.03632,32.46766,241.38548,-241.38548,31.9169117702,241.676805381,-0.55074822978,0.291325380607
412.47893,32.52764,241.94119,-241.94119,31.9046448981,242.177410607,-0.622995101931,0.236220606703
412.92151,32.47886,242.45795,-242.45795,31.8921122838,242.67599393,-0.586747716151,0.218043929664
413.36407,32.48202,242.98578,-242.98578,31.8804861192,243.171263373,-0.601533880813,0.185483372713
413.8066,32.53362,243.53716,-243.53716,31.8755367479,243.656761567,-0.658083252104,0.119601567474
414.24911,32.42187,243.9461,-243.9461,31.8703725924,244.140249097,-0.551497407609,0.194149097367
414.69159,32.39042,244.3435,-244.3435,31.8649966191,244.621722791,-0.525423380909,0.278222790756
415.13404,32.50006,244.81884,-244.81884,31.8594116885,245.101190338,-0.640648311522,0.282350338027
415.57648,32.38369,245.45036,-245.45036,31.8536203993,245.57868084,-0.530069600741,0.128320840234
416.01888,32.37949,245.72834,-245.72834,31.8476260083,246.054169288,-0.531863991705,0.325829288211
416.46127,32.35896,246.27183,-246.27183,31.8414309806,246.527695169,-0.517529019367,0.255865168572
416.90362,32.38193,246.76094,-246.76094,31.8350386162,246.999233489,-0.546891383764,0.238293489389
417.34596,32.35556,247.47907,-247.47907,31.8284513712,247.468823229,-0.527108628769,-0.0102467710662
417.78827,32.34551,247.72674,-247.72674,31.8216724374,247.936449969,-0.523837562609,0.209709968945
418.23055,32.34268,248.19507,-248.19507,31.8147047339,248.402120537,-0.527975266125,0.207050537027
418.67281,32.31501,248.49865,-248.49865,31.8075510292,248.865852109,-0.507458970784,0.367202108791
419.11505,32.26433,249.08695,-249.08695,31.8002142579,249.327651153,-0.464115742077,0.240701152537
419.55726,32.18625,249.46342,-249.46342,31.7926975427,249.787513648,-0.393552457344,0.324093647585
419.99944,32.22299,250.03725,-250.03725,31.7850038635,250.24544597,-0.437986136528,0.208195970111
420.4416,32.21402,250.45036,-250.45036,31.7771360389,250.70146468,-0.436883961108,0.251104679913
420.88374,32.18827,250.77914,-250.77914,31.7690970755,251.15557581,-0.419172924529,0.376435810263
421.32585,32.18108,251.38646,-251.38646,31.7608901887,251.607775083,-0.420189811303,0.22131508346
421.76794,32.19369,252.01599,-252.01599,31.7525182492,252.058078618,-0.441171750776,0.0420886182752
422.21,32.20063,252.17191,-252.17191,31.7439845266,252.506482019,-0.456645473405,0.33457201866
422.65204,32.14759,252.58673,-252.58673,31.7352919333,252.953001119,-0.412298066698,0.366271119022
423.09405,32.16948,253.22211,-253.22211,31.7264437982,253.397631412,-0.443036201799,0.175521411797
423.53604,32.13698,253.50084,-253.50084,31.7174430815,253.840388455,-0.419536918499,0.339548454898
423.97801,32.10458,253.93605,-253.93605,31.7082929681,254.281277591,-0.396287031943,0.345227590851
424.41995,32.19632,254.49736,-254.49736,31.6989968859,254.720294158,-0.497323114053,0.222934158021
424.86187,32.07558,254.85419,-254.85419,31.6895578784,255.157453315,-0.386022121581,0.303263314678
425.30376,32.14667,255.55849,-255.55849,31.6799794466,255.592750305,-0.466690553398,0.0342603052479
425.74563,32.067,255.57915,-255.57915,31.6702646968,256.026200032,-0.396735303168,0.447050031604
426.18747,32.11611,256.06969,-256.06969,31.660417209,256.457797652,-0.455692790951,0.388107651584
426.62929,32.08833,256.58455,-256.58455,31.6504401591,256.887557819,-0.437889840888,0.303007819004
427.07109,32.11767,256.90887,-256.90887,31.6403369816,257.315485278,-0.477333018391,0.406615278219
427.51286,32.06639,257.38797,-257.38797,31.6302708286,257.741448726,-0.436119171384,0.353478726437
427.9546,32.065,257.73403,-257.73403,31.6254162139,258.16136708,-0.439583786066,0.427337079711
428.39633,32.0811,258.10102,-258.10102,31.6204711545,258.579478827,-0.460628845521,0.478458826748
428.83803,32.02961,258.71313,-258.71313,31.6154397077,258.995769007,-0.414170292318,0.282639006672
429.2797,32.00723,258.98134,-258.98134,31.6103257587,259.410241631,-0.396904241334,0.428901630593
429.72135,31.99554,259.53006,-259.53006,31.6051331212,259.822909954,-0.390406878807,0.292849954097
430.16298,32.01394,259.88746,-259.88746,31.5998657713,260.233777711,-0.414074228712,0.346317710813
430.60458,31.93428,260.2893,-260.2893,31.5945278577,260.642839316,-0.339752142292,0.353539316064
431.04616,31.96592,260.80207,-260.80207,31.5891233417,261.050107678,-0.376796658298,0.248037678103
431.48771,31.92721,261.23091,-261.23091,31.5836564821,261.455577147,-0.343553517878,0.224667147042
431.92924,32.00245,261.54439,-261.54439,31.5781313479,261.859260409,-0.424318652093,0.314870408788
432.37075,32.01034,262.01203,-262.01203,31.572552188,262.261160838,-0.437787811967,0.249130838194
432.81223,31.92624,262.29352,-262.29352,31.5669234398,262.661272701,-0.359316560197,0.367752701012
433.25369,31.94891,262.871,-262.871,31.5612493487,263.059608365,-0.387660651337,0.188608364582
433.69512,31.98535,263.25821,-263.25821,31.5555344799,263.456162048,-0.429815520069,0.197952047857
434.13653,31.92137,263.44144,-263.44144,31.5497832069,263.850945916,-0.371586793077,0.40950591625
434.57792,31.90464,263.99042,-263.99042,31.5440000992,264.243963034,-0.360639900751,0.253543034392
435.01928,31.88,264.23314,-264.23314,31.5381899288,264.635207567,-0.341810071202,0.402067566658
435.46062,31.84128,264.82243,-264.82243,31.532357277,265.024691393,-0.308922722969,0.2022613927
435.90193,31.87477,265.09334,-265.09334,31.5265070635,265.412408652,-0.348262936544,0.319068651612
436.34322,31.91762,265.45897,-265.45897,31.5206440195,265.798371045,-0.396975980546,0.339401044678
436.78449,31.85659,265.90882,-265.90882,31.5147730874,266.182581383,-0.34181691258,0.273761382689
437.22573,31.83144,266.32575,-266.32575,31.5088994242,266.565033785,-0.322540575755,0.239283785296
437.66695,31.88294,266.5668,-266.5668,31.5030280041,266.945739706,-0.379911995889,0.378939706292
438.10814,31.85271,266.9365,-266.9365,31.4971641531,267.324693266,-0.355545846943,0.388193265634
438.54932,31.86614,267.41474,-267.41474,31.4913128869,267.701914297,-0.374827113065,0.287174297238
438.99046,31.82323,267.88371,-267.88371,31.4854799755,268.077379832,-0.337750024513,0.193669832493
439.43159,31.85669,267.99081,-267.99081,31.4796704873,268.451118059,-0.377019512706,0.460308059083
439.87269,31.82342,268.51029,-268.51029,31.4738902475,268.823114603,-0.349529752524,0.312824602785
440.31376,31.81493,268.99241,-268.99241,31.4681449142,269.193372129,-0.346785085793,0.200962129061
440.75482,31.81559,269.1173,-269.1173,31.4624399886,269.561909958,-0.353150011435,0.444609957819
441.19585,31.76883,269.65416,-269.65416,31.4567815948,269.928713894,-0.312048405236,0.274553894163
441.63685,31.73584,270.07383,-270.07383,31.4511757018,270.29378656,-0.284664298247,0.219956560413
442.07783,31.79274,270.30433,-270.30433,31.4456282623,270.657138793,-0.347111737715,0.352808792577
442.51879,31.75963,270.67241,-270.67241,31.4401454706,271.018773088,-0.319484529439,0.346363088139
442.95973,31.7153,271.11574,-271.11574,31.4361395608,271.378393974,-0.27916043924,0.262653974066
443.40064,31.80723,271.42918,-271.42918,31.4346951337,271.735773826,-0.372534866335,0.306593826258
443.84152,31.74795,271.6601,-271.6601,31.4333478671,272.091441526,-0.314602132926,0.431341525984
444.28239,31.66587,271.99692,-271.99692,31.4321044603,272.445415129,-0.23376553973,0.448495128638
444.72323,31.69093,272.42627,-272.42627,31.4309718577,272.797680493,-0.259958142302,0.371410492571
445.16404,31.75916,272.83705,-272.83705,31.4299570707,273.148239648,-0.329202929267,0.311189648244
445.60484,31.74529,273.15831,-273.15831,31.429067207,273.497110421,-0.31622279295,0.338800420805
446.04561,31.75407,273.60565,-273.60565,31.4283095988,273.84427891,-0.325760401227,0.238628909777
446.48635,31.76231,273.81054,-273.81054,31.4276916701,274.189747171,-0.334618329876,0.37920717124
446.92708,31.77158,274.23511,-274.23511,31.427220972,274.533532842,-0.344359028035,0.298422842209
447.36777,31.69,274.56416,-274.56416,31.426905259,274.875614562,-0.26309474098,0.311454562345
447.80845,31.72739,274.83615,-274.83615,31.4267523855,275.216017689,-0.300637614481,0.379867688659
448.2491,31.76466,275.16647,-275.16647,31.4267703963,275.55472882,-0.337889603739,0.388258819638
448.68973,31.62611,275.6195,-275.6195,31.4269674848,275.891757787,-0.19914251519,0.272257786787
449.13034,31.67948,275.88191,-275.88191,31.4273520154,276.227106725,-0.25212798459,0.345196724932
449.57092,31.7336,276.34164,-276.34164,31.4279325064,276.560770268,-0.305667493596,0.219130267664
450.01148,31.68897,276.55969,-276.55969,31.4287176715,276.892758293,-0.260252328549,0.33306829264
450.45201,31.66048,276.86373,-276.86373,31.4297163708,277.223065635,-0.230763629241,0.359335635332
450.89253,31.69443,277.2277,-277.2277,31.4309377177,277.55170968,-0.263492282343,0.324009680371
451.33301,31.73482,277.52087,-277.52087,31.4323908761,277.878670573,-0.302429123891,0.357800573333
451.77348,31.64665,277.9085,-277.9085,31.4340853841,278.203973199,-0.212564615891,0.29547319898
452.21392,31.71043,278.12702,-278.12702,31.4360308082,278.527605444,-0.274399191817,0.400585444382
452.65434,31.71339,278.52548,-278.52548,31.4382370291,278.849577478,-0.275152970869,0.324097477854
453.09474,31.73465,278.93247,-278.93247,31.4407140989,279.169892179,-0.293935901097,0.237422179105
453.53511,31.71281,278.91953,-278.91953,31.4434722155,279.488545335,-0.269337784473,0.56901533525
453.97546,31.66563,279.3774,-279.3774,31.4465219126,279.805547377,-0.219108087422,0.428147377131
454.41578,31.74325,279.64855,-279.64855,31.4498738134,280.120894445,-0.293376186573,0.472344445193
454.85609,31.69329,280.10332,-280.10332,31.4535390012,280.434604302,-0.239750998834,0.331284301956
455.29637,31.75657,280.40428,-280.40428,31.4575284734,280.746666303,-0.299041526561,0.342386303202
455.73662,31.7631,280.69147,-280.69147,31.461853611,281.057084343,-0.301246389025,0.365614342755
456.17686,31.71159,280.9301,-280.9301,31.4665262584,281.365876495,-0.24506374159,0.435776495484
456.61707,31.74069,281.18899,-281.18899,31.4715581023,281.673032908,-0.269131897669,0.484042908308
457.05725,31.71062,281.66329,-281.66329,31.4769612736,281.978558082,-0.233658726407,0.315268081767
457.49742,31.75855,281.87538,-281.87538,31.4827484365,282.282470517,-0.275801563457,0.407090517292
457.93756,31.75959,282.15052,-282.15052,31.4889320163,282.584761269,-0.270657983683,0.434241268665
458.37767,31.81857,282.47011,-282.47011,31.4955249493,282.885435565,-0.323045050684,0.415325565323
458.81777,31.7283,282.81124,-282.81124,31.5025407814,283.184512465,-0.225759218609,0.373272464538
459.25784,31.82867,283.08712,-283.08712,31.5103825002,283.482154886,-0.318287499818,0.395034886265
459.69789,31.74854,283.40096,-283.40096,31.5212555214,283.779328674,-0.227284478648,0.378368673715
460.13791,31.8284,283.70204,-283.70204,31.5326024093,284.074899811,-0.295797590685,0.372859811244
460.57792,31.78523,283.89122,-283.89122,31.5444383924,284.368887073,-0.240791607609,0.477667072936
461.01789,31.79783,284.19717,-284.19717,31.5567776896,284.661276118,-0.241052310375,0.464106117581
461.45785,31.78189,284.49523,-284.49523,31.5696365074,284.952092913,-0.212253492569,0.456862912875
461.89778,31.80467,284.62051,-284.62051,31.5830299906,285.241330562,-0.221640009395,0.620820562306
462.33769,31.84162,285.17904,-285.17904,31.5969745107,285.529002384,-0.24464548932,0.349962383556
462.77758,31.84448,285.32853,-285.32853,31.6114865178,285.815115453,-0.232993482244,0.486585453222
463.21744,31.90348,285.51179,-285.51179,31.6265824857,286.099670804,-0.276897514315,0.58788080419
463.65729,31.83606,285.92264,-285.92264,31.6422803071,286.38268929,-0.193779692873,0.460049289753
464.0971,31.88628,286.18919,-286.18919,31.6585964878,286.664160027,-0.227683512175,0.474970026522
464.5369,31.86489,286.41753,-286.41753,31.6755501181,286.944111111,-0.189339881945,0.526581111283
464.97667,31.96199,286.61564,-286.61564,31.6931588355,287.222539161,-0.268831164516,0.606899161013
465.41642,31.97316,287.03679,-287.03679,31.7114418471,287.499460435,-0.261718152861,0.4626704349
465.85615,31.89689,287.33242,-287.33242,31.7304184123,287.774885366,-0.16647158765,0.442465365841
466.29585,31.97517,287.46265,-287.46265,31.7501077749,288.048818758,-0.225062225078,0.586168758177
466.73553,31.96265,287.71143,-287.71143,31.7705305077,288.321278524,-0.192119492303,0.609848523602
467.17519,31.99798,287.99944,-287.99944,31.7917072211,288.592276939,-0.206272778933,0.592836938819
467.61482,32.00952,288.31277,-288.31277,31.8136584888,288.861820843,-0.195861511187,0.549050843158
468.05444,32.02706,288.68233,-288.68233,31.8364068736,289.129936164,-0.190653126372,0.447606164027
468.49403,32.12389,288.80535,-288.80535,31.8599733972,289.396625115,-0.263916602754,0.591275114537
468.93359,32.07437,289.2107,-289.2107,31.8843805634,289.661902983,-0.189989436598,0.451202983098
469.37314,32.11694,289.43048,-289.43048,31.909652558,289.925797853,-0.207287442014,0.495317852688
469.81266,32.14544,289.49893,-289.49893,31.9358118323,290.188314588,-0.209628167655,0.689384587865
470.25215,32.23683,289.94736,-289.94736,31.9628824637,290.449471053,-0.273947536278,0.502111053382
470.69163,32.16612,290.10694,-290.10694,31.9908903717,290.709297849,-0.175229628258,0.602357849487
471.13108,32.28689,290.33448,-290.33448,32.0198595297,290.967802855,-0.267030470251,0.633322855083
471.57051,32.22577,290.63669,-290.63669,32.0498163843,291.225012734,-0.175953615652,0.58832273447
472.00992,32.28191,290.79488,-290.79488,32.0807873399,291.480949307,-0.20112266006,0.686069307393
472.4493,32.3543,291.10257,-291.10257,32.1127986564,291.735629744,-0.24150134361,0.633059743925
472.88867,32.32266,291.5513,-291.5513,32.1458793986,291.989089774,-0.176780601353,0.437789773828
473.328,32.36188,291.62202,-291.62202,32.1800554969,292.241337507,-0.181824503117,0.619317506934
473.76732,32.39427,291.90135,-291.90135,32.2153581045,292.492416879,-0.178911895514,0.591066879314
474.20661,32.45391,292.072,-292.072,32.2518151134,292.742344485,-0.202094886562,0.67034448458
474.64588,32.57158,292.26653,-292.26653,32.2894574677,292.99115549,-0.282122532346,0.724625490056
475.08513,32.49648,292.57573,-292.57573,32.3283159867,293.238880814,-0.168164013328,0.663150813882
475.52436,32.57519,292.84302,-292.84302,32.3684221677,293.485552919,-0.206767832308,0.642532919434
475.96356,32.61443,293.0476,-293.0476,32.4098072397,293.731200302,-0.204622760322,0.683600302193
476.40274,32.64963,293.4545,-293.4545,32.4525049851,293.97586435,-0.197125014893,0.521364350196
476.8419,32.7197,293.5002,-293.5002,32.4965489983,294.219582583,-0.223151001733,0.719382583233
477.28103,32.67389,293.74219,-293.74219,32.5437520295,294.458762197,-0.130137970533,0.716572196896
477.72014,32.75195,293.93849,-293.93849,32.5926364812,294.696460666,-0.159313518773,0.75797066615
478.15923,32.88662,294.33736,-294.33736,32.6429661337,294.933266353,-0.243653866284,0.595906352764
478.5983,32.95379,294.54266,-294.54266,32.6947772337,295.169220876,-0.25901276633,0.626560875977
479.03735,32.93493,294.67611,-294.67611,32.748106798,295.404367868,-0.186823202017,0.728257868386
479.47637,32.99438,294.87774,-294.87774,32.8029913554,295.638747732,-0.191388644592,0.761007732398
479.91537,33.16474,295.29028,-295.29028,32.8594706869,295.872413753,-0.305269313139,0.582133753027
480.35434,33.1885,295.56787,-295.56787,32.9175828314,296.105410834,-0.270917168643,0.537540834114
480.7933,33.21785,295.60979,-295.60979,32.9773706237,296.337802177,-0.240479376348,0.728012176651
481.23223,33.21256,295.92033,-295.92033,33.0388723388,296.569632259,-0.173687661212,0.649302258969
481.67114,33.29343,295.9559,-295.9559,33.1021311374,296.800964035,-0.191298862614,0.845064035258
482.11002,33.39873,296.43865,-296.43865,33.1671881589,297.031852599,-0.23154184112,0.593202599383
482.54889,33.50407,296.54809,-296.54809,33.2340898387,297.262371632,-0.269980161295,0.714281632286
482.98773,33.50231,296.77161,-296.77161,33.3028774293,297.492576714,-0.19943257073,0.72096671359
483.42655,33.54921,296.99047,-296.99047,33.3735975674,297.722542233,-0.17561243255,0.732072232522
483.86534,33.65785,297.15237,-297.15237,33.4462945404,297.952335262,-0.211555459551,0.79996526178
484.30412,33.76908,297.43738,-297.43738,33.5210184593,298.182041889,-0.24806154072,0.744661889119
484.74287,33.773,297.68477,-297.68477,33.5978135418,298.411730698,-0.175186458161,0.726960698431
485.1816,33.83721,297.86161,-297.86161,33.6767299129,298.641489562,-0.160480087089,0.779879561631
485.6203,33.96215,298.04486,-298.04486,33.7578149583,298.871399601,-0.204335041733,0.826539601195
486.05899,34.02148,298.24368,-298.24368,33.8411224365,299.101561544,-0.180357563524,0.857881543568
486.49765,34.17357,298.60996,-298.60996,33.9266994004,299.332059176,-0.24687059956,0.722099175501
486.93629,34.29372,298.77166,-298.77166,34.0145993479,299.562996218,-0.27912065213,0.791336218366
487.3749,34.31519,298.97305,-298.97305,34.1048725722,299.794470234,-0.210317427789,0.821420233796
487.8135,34.38128,299.26502,-299.26502,34.1975762998,300.026599163,-0.183703700157,0.761579162943
488.25207,34.49759,299.59422,-299.59422,34.292760117,300.259484526,-0.204829883005,0.665264525789
488.69062,34.58283,299.60292,-299.60292,34.3904805958,300.493248618,-0.192349404175,0.890328617898
489.12914,34.73071,299.94667,-299.94667,34.4907905437,300.728008185,-0.239919456311,0.781338185021
489.56765,34.75864,300.1822,-300.1822,34.5937502571,300.963901343,-0.164889742913,0.781701342979
490.00613,34.9377,300.41962,-300.41962,34.6994113118,301.201050243,-0.238288688237,0.781430242931
490.44459,35.03708,300.67495,-300.67495,34.8078327957,301.439598875,-0.229247204314,0.764648875411
490.88303,35.18298,300.88823,-300.88823,34.9190719211,301.679691801,-0.263908078933,0.791461801092
491.32144,35.33455,301.21758,-301.21758,35.0331836407,301.921474207,-0.301366359334,0.703894206997
491.75983,35.33708,301.37837,-301.37837,35.1502283484,302.165108658,-0.186851651606,0.786738657508
492.1982,35.46378,301.57969,-301.57969,35.2702641572,302.410758893,-0.193515842843,0.831068893221
492.63655,35.57874,301.82349,-301.82349,35.3933493145,302.658595535,-0.185390685509,0.835105535491
493.07488,35.70934,302.04756,-302.04756,35.5195421041,302.90879634,-0.189797895874,0.861236340195
493.51318,35.85066,302.25451,-302.25451,35.6488977496,303.161540661,-0.201762250438,0.907030661306
493.95146,36.00557,302.50586,-302.50586,35.7814771098,303.41702698,-0.224092890153,0.911166979686
494.38972,36.19687,302.8469,-302.8469,35.9173378783,303.675456032,-0.279532121703,0.828556032302
494.82795,36.23642,303.04244,-303.04244,36.0565340674,303.937030767,-0.179885932631,0.894590766689
495.26617,36.44232,303.38305,-303.38305,36.1991286333,304.201980575,-0.243191366749,0.818930574862
495.70436,36.61671,303.60402,-303.60402,36.3451708759,304.470519609,-0.271539124085,0.866499609225
496.14253,36.75062,303.92837,-303.92837,36.4959839029,304.7413318,-0.254636097147,0.81296180003
496.58067,36.88138,304.20899,-304.20899,36.6514135537,305.014838983,-0.229966446273,0.805848982533
497.0188,36.99958,304.40635,-304.40635,36.8105136251,305.292526243,-0.189066374869,0.886176242793
497.4569,37.17822,304.72147,-304.72147,36.9733315612,305.574640339,-0.20488843876,0.853170338646
497.89498,37.35296,305.09508,-305.09508,37.1399240149,305.861457346,-0.213035985097,0.766377346355
498.33304,37.50781,305.28829,-305.28829,37.3103421399,306.153257749,-0.197467860069,0.8649677486
498.77107,37.76563,305.54431,-305.54431,37.4846308667,306.45032622,-0.280999133321,0.906016220108
499.20908,37.82871,305.88849,-305.88849,37.6628404787,306.752972242,-0.165869521345,0.864482241949
499.64707,38.00468,306.18457,-306.18457,37.8450145607,307.061510414,-0.159665439348,0.876940414299
500.08504,38.26125,306.34931,-306.34931,38.0311934794,307.376267402,-0.230056520602,1.0269574022
500.52299,38.48422,306.81281,-306.81281,38.2214139896,307.697582275,-0.262806010444,0.884772275447
500.96091,38.52486,307.17107,-307.17107,38.4157043263,308.025799267,-0.109155673651,0.854729266703
501.39881,38.83946,307.3431,-307.3431,38.6140970124,308.361290488,-0.225362987602,1.01819048755
501.83669,39.06792,307.79771,-307.79771,38.8166152941,308.704434172,-0.251304705922,0.906724171662
502.27455,39.25411,308.28287,-308.28287,39.0232769156,309.055622238,-0.230833084402,0.772752238296
502.71238,39.42667,308.44421,-308.44421,39.2340886973,309.415252264,-0.192581302683,0.971042263799
503.15019,39.66377,308.96682,-308.96682,39.449060336,309.78375227,-0.214709663971,0.816932270453
503.58798,39.80206,309.31561,-309.31561,39.6681895628,310.161556823,-0.133870437163,0.845946822551
504.02575,40.09872,309.6533,-309.6533,39.8914661393,310.549115157,-0.207253860674,0.895815156822
504.4635,40.2933,309.99647,-309.99647,40.1188711399,310.946891347,-0.174428860073,0.950421346656
504.90122,40.56552,310.39,-310.39,40.3503708565,311.355354962,-0.215149143522,0.965354962157
505.33892,40.83907,310.78525,-310.78525,40.5859318165,311.775008983,-0.253138183518,0.989758982866
505.7766,40.97113,311.29694,-311.29694,40.8255043042,312.206362436,-0.145625695846,0.9094224359
506.21426,41.29594,311.67596,-311.67596,41.0690266184,312.64993929,-0.226913381599,0.973979289517
506.65189,41.50231,312.06543,-312.06543,41.3164184435,313.106267716,-0.185891556507,1.04083771563
507.0895,41.67796,312.5734,-312.5734,41.5675967935,313.575910942,-0.110363206476,1.00251094192
507.52709,41.92816,313.1711,-313.1711,41.8224582578,314.059436354,-0.105701742222,0.888336354445
507.96466,42.26612,313.58781,-313.58781,42.0808834675,314.557424993,-0.18523653247,0.969614993431
508.4022,42.52319,314.18209,-314.18209,42.3427299863,315.070459009,-0.180460013667,0.888369008937
508.83973,42.84066,314.7253,-314.7253,42.60785521,315.5991681,-0.232804789952,0.873868099941
509.27723,43.21387,315.37852,-315.37852,42.8760731469,316.144145547,-0.337796853054,0.765625547347
509.71471,43.40708,315.70119,-315.70119,43.1471954854,316.706030718,-0.259884514605,1.00484071772
510.15216,43.70831,316.2533,-316.2533,43.4209999658,317.285446232,-0.287310034177,1.03214623222
510.5896,43.87373,316.82239,-316.82239,43.6972603291,317.883061578,-0.176469670923,1.0606715784
511.02701,44.21407,317.40918,-317.40918,43.9757012007,318.499497399,-0.23836879928,1.09031739882
511.4644,44.47298,318.1204,-318.1204,44.2560410154,319.135417834,-0.216938984632,1.01501783433
511.90177,44.72617,318.90131,-318.90131,44.5379657001,319.791473728,-0.188204299881,0.890163727668
512.33911,45.10967,319.3254,-319.3254,44.8211274258,320.468297413,-0.288542574206,1.14289741346
512.77644,45.39997,320.00556,-320.00556,45.1051695583,321.166561767,-0.294800441655,1.16100176722
513.21374,45.67251,320.95573,-320.95573,45.3896804065,321.886866903,-0.282829593504,0.931136902942
513.65102,45.97085,321.6039,-321.6039,45.6742378683,322.629846542,-0.296612131686,1.02594654173
514.08827,46.14979,322.37687,-322.37687,45.9583763498,323.396082226,-0.191413650208,1.01921222588
514.52551,46.47617,323.06825,-323.06825,46.2416187875,324.186184559,-0.23455121251,1.11793455875
514.96272,46.7696,324.164,-324.164,46.5234309683,325.000663578,-0.246169031748,0.836663578109
515.39991,47.11611,324.96835,-324.96835,46.8032669087,325.84004781,-0.312843091251,0.871697810398
515.83708,47.43788,325.56591,-325.56591,47.0805431622,326.704805993,-0.357336837826,1.13889599257
516.27422,47.58053,326.58962,-326.58962,47.3546396324,327.595337174,-0.225890367556,1.00571717431
516.71135,47.88341,327.49411,-327.49411,47.6261100848,328.511096923,-0.257299915223,1.01698692335
517.14845,48.18522,328.44907,-328.44907,47.8966981822,329.450581921,-0.288521817843,1.00151192071
517.58553,48.30229,329.4365,-329.4365,48.1623361004,330.416878735,-0.139953899576,0.980378734679
518.02258,48.73259,330.2056,-330.2056,48.4222979211,331.410145941,-0.310292078886,1.20454594149
518.45962,48.98022,331.40009,-331.40009,48.6758522336,332.430523483,-0.30436776642,1.0304334829
518.89663,49.27425,332.46713,-332.46713,48.9222237516,333.477963305,-0.352026248447,1.01083330507
519.33362,49.41268,333.5028,-333.5028,49.1606376626,334.552382597,-0.2520423374,1.04958259725
519.77059,49.77042,334.65065,-334.65065,49.3903001376,335.653562626,-0.380119862438,1.00291262618
520.20754,49.9091,335.78276,-335.78276,49.6104085964,336.781163813,-0.298691403559,0.998403812651
520.64446,50.15826,336.90645,-336.90645,49.8201519149,337.934691724,-0.338108085064,1.02824172429
521.08136,50.42068,338.06654,-338.06654,50.0187303339,339.113569573,-0.401949666086,1.0470295735
521.51824,50.49168,339.20217,-339.20217,50.2053462134,340.317055154,-0.286333786586,1.11488515441
521.9551,50.71225,340.4256,-340.4256,50.3792153468,341.544262369,-0.333034653234,1.11866236911
522.39193,50.90434,341.6748,-341.6748,50.5395699265,342.79412997,-0.364770073531,1.11932997008
522.82875,51.0923,342.94329,-342.94329,50.6856796264,344.065535948,-0.406620373561,1.12224594767
523.26554,51.14565,344.14606,-344.14606,50.8168335621,345.357097437,-0.328816437888,1.21103743707
523.70231,51.32397,345.81885,-345.81885,50.9323713705,346.667376791,-0.391598629546,0.848526790834
524.13905,51.3528,347.04217,-347.04217,51.0316741599,347.994740875,-0.321125840067,0.952570875488
524.57578,51.4121,348.08096,-348.08096,51.1141832758,349.337520064,-0.297916724152,1.25656006377
525.01248,51.43259,349.72327,-349.72327,51.179391516,350.693805085,-0.25319848403,0.970535084601
525.44916,51.6544,351.11162,-351.11162,51.2268629851,352.061674038,-0.427537014937,0.950054037984
525.88582,51.60632,352.37626,-352.37626,51.2562301931,353.439084462,-0.350089806872,1.06282446199
526.32245,51.72462,353.76889,-353.76889,51.2672004151,354.823888699,-0.457419584885,1.05499869901
526.75907,51.71842,355.31216,-355.31216,51.2595597461,356.213979043,-0.458860253918,0.901819042646
527.19566,51.6067,356.64488,-356.64488,51.2331749491,357.607084713,-0.373525050886,0.962204713025
527.63223,51.67798,357.99992,-357.99992,51.1879948423,359.001014433,-0.489985157728,1.00109443272
528.06877,51.51643,359.18488,-359.18488,51.1240527673,0.393517631166,-0.392377232743,1.20863763117
528.5053,51.57431,0.78989,-0.78989,51.0414598161,1.78246403493,-0.532850183923,0.992574034931
528.9418,51.37977,2.21554,-2.21554,50.9404145988,3.16564025735,-0.439355401177,0.950100257346
529.37828,51.26308,3.61053,-3.61053,50.8211885303,4.54099137862,-0.441891469685,0.93046137862
529.81474,51.04527,4.96929,-4.96929,50.6841295196,5.90651083409,-0.361140480421,0.937220834092
530.25118,51.04583,6.29691,-6.29691,50.5296560023,7.2602878796,-0.516173997748,0.963377879598
530.68759,50.87334,7.84599,-7.84599,50.358256041,8.60049068498,-0.515083958966,0.754500684983
531.12398,50.77103,9.14016,-9.14016,50.170470084,9.92547017292,-0.600559915998,0.785310172923
531.56035,50.44886,10.36062,-10.36062,49.966895688,11.2336762401,-0.481964311957,0.873056240094
531.9967,50.31624,11.86859,-11.86859,49.7481777159,12.5236958082,-0.568062284123,0.655105808161
532.43302,50.11677,13.16314,-13.16314,49.515007158,13.7942285357,-0.601762842019,0.63108853569
532.86933,49.72764,14.33186,-14.33186,49.2680926445,15.0442052475,-0.459547355493,0.712345247509
533.30561,49.52201,15.35631,-15.35631,49.0081918812,16.2725856053,-0.513818118819,0.916275605322
533.74187,49.27488,16.7963,-16.7963,48.7360662059,17.4785582518,-0.5388137941,0.682258251816
534.1781,49.0553,17.92914,-17.92914,48.4525031602,18.6613956338,-0.602796839838,0.73225563384
534.61432,48.66866,19.10413,-19.10413,48.1582786293,19.8205861382,-0.510381370653,0.716456138157
535.05051,48.34729,20.47882,-20.47882,47.8541972345,20.9556397452,-0.49309276545,0.47681974517
535.48668,47.90886,21.4072,-21.4072,47.5410404443,22.0662685241,-0.367819555719,0.659068524086
535.92282,47.8055,22.48198,-22.48198,47.219595959,23.1522475627,-0.585904041003,0.670267562716
536.35895,47.49328,23.75935,-23.75935,46.8906170639,24.2135327208,-0.602662936068,0.454182720837
536.79505,47.15491,24.77365,-24.77365,46.5548707951,25.2500792897,-0.600039204903,0.476429289748
537.23113,46.73129,25.70859,-25.70859,46.2130822187,26.2620051414,-0.518207781303,0.553415141364
537.66719,46.41787,26.69347,-26.69347,45.8659615799,27.2494842319,-0.55190842012,0.556014231865
538.10323,46.03966,27.85779,-27.85779,45.5141944415,28.2127627633,-0.525465558462,0.354972763261
538.53924,45.83107,28.75567,-28.75567,45.1584479299,29.1521296988,-0.67262207012,0.396459698804
538.97523,45.33687,29.68968,-29.68968,44.7993447398,30.0679737724,-0.537525260207,0.378293772402
539.4112,45.10681,30.6459,-30.6459,44.4400310347,30.9664162583,-0.666778965291,0.320516258254
539.84715,44.57542,31.53444,-31.53444,44.0794270787,31.8445301891,-0.495992921257,0.310090189064
540.28307,44.26774,32.32617,-32.32617,43.7170448481,32.7004897173,-0.550695151947,0.374319717303
540.71898,44.02167,33.05051,-33.05051,43.3533828038,33.5348385024,-0.6682871962,0.484328502438
541.15486,43.51775,34.09264,-34.09264,42.9889423461,34.3480677466,-0.528807653889,0.255427746594
541.59072,43.09315,34.77737,-34.77737,42.6241697183,35.1407462533,-0.468980281744,0.363376253347
542.02655,42.7579,35.6261,-35.6261,42.2594981464,35.9134211905,-0.498401853579,0.287321190514
542.46237,42.36392,36.44243,-36.44243,41.8953066333,36.666703702,-0.468613366726,0.224273701966
542.89816,42.06351,37.12683,-37.12683,41.5319792343,37.4011421239,-0.531530765666,0.274312123915
543.33393,41.72339,37.88577,-37.88577,41.1698473909,38.1173407193,-0.553542609107,0.231570719284
543.76967,41.37041,38.66777,-38.66777,40.8092325786,38.8158712996,-0.561177421433,0.148101299569
544.2054,40.85851,39.19032,-39.19032,40.450405892,39.4973518326,-0.408104107999,0.307031832554
544.6411,40.69637,39.84215,-39.84215,40.0936469457,40.162332923,-0.602723054271,0.320182923017
545.07678,40.29328,40.507,-40.507,39.7391872401,40.8114063087,-0.5540927599,0.304406308737
545.51244,39.85043,41.09572,-41.09572,39.3872442834,41.4451402427,-0.463185716618,0.349420242731
545.94807,39.49644,41.83645,-41.83645,39.0380224634,42.0640798581,-0.458417536553,0.227629858139
546.38369,39.14089,42.38946,-42.38946,38.6916821871,42.668802466,-0.44920781293,0.279342466004
546.81928,38.80368,42.87826,-42.87826,38.3483969638,43.2598179265,-0.455283036155,0.381557926546
547.25484,38.49747,43.63744,-43.63744,38.0083064768,43.8376527243,-0.489163523178,0.200212724298
547.69039,38.20424,44.35086,-44.35086,37.6715183873,44.4028462593,-0.532721612653,0.0519862593366
548.12591,37.75474,44.88956,-44.88956,37.3381558813,44.955872261,-0.416584118693,0.0663122610416
548.56142,37.35216,45.28784,-45.28784,37.0082968502,45.4972422982,-0.343863149831,0.209402298174
548.99689,37.07538,45.88733,-45.88733,36.6820435586,46.0273918509,-0.393336441372,0.140061850853
549.43235,36.80662,46.26719,-46.26719,36.3594404939,46.5468162939,-0.447179506126,0.279626293922
549.86779,36.46972,46.82577,-46.82577,36.040550611,47.0559478333,-0.429169389026,0.230177833269
550.3032,36.11662,47.33567,-47.33567,35.7254257307,47.5552056699,-0.39119426934,0.2195356699
550.73859,35.81553,47.89594,-47.89594,35.4140931436,48.0450182735,-0.401436856356,0.149078273528
551.17395,35.4903,48.22733,-48.22733,35.1065853445,48.5257776314,-0.383714655486,0.298447631443
551.6093,35.24822,48.80113,-48.80113,34.8029052425,48.9978952007,-0.445314757467,0.19676520067
552.04462,34.84013,49.1156,-49.1156,34.5030760865,49.4617253207,-0.337053913532,0.346125320717
552.47992,34.57732,49.67609,-49.67609,34.2070930769,49.9176418752,-0.370226923105,0.241551875208
552.9152,34.40097,50.14886,-50.14886,33.9149519768,50.3659950021,-0.48601802324,0.217135002072
553.35045,33.978,50.73823,-50.73823,33.6266492538,50.8071122782,-0.351350746226,0.068882278209
553.78569,33.70371,51.1402,-51.1402,33.3421562176,51.2413394052,-0.361553782436,0.101139405197
554.2209,33.49966,51.44872,-51.44872,33.0614656775,51.6689699842,-0.438194322548,0.220249984201
554.65608,33.16354,52.10551,-52.10551,32.7845527639,52.0903064731,-0.378987236117,-0.0152035269467
555.09125,32.83964,52.42536,-52.42536,32.5113762372,52.5056590523,-0.328263762766,0.0802990522712
555.52639,32.59789,52.87073,-52.87073,32.2419166474,52.9152885909,-0.355973352642,0.044558590889
555.96151,32.30538,53.32474,-53.32474,31.9761325588,53.3194741486,-0.329247441219,-0.0052658514021
556.39661,32.02046,53.5526,-53.5526,31.7139860995,53.7184750109,-0.306473900528,0.165875010909
556.83169,31.80591,54.03014,-54.03014,31.4554369683,54.1125406421,-0.350473031661,0.0824006421174
557.26674,31.63859,54.24086,-54.24086,31.2004485589,54.5019021245,-0.438141441111,0.261042124538
557.70177,31.15459,54.78387,-54.78387,30.9489706168,54.8867993835,-0.205619383214,0.102929383498
558.13678,30.93815,55.09141,-55.09141,30.7009572826,55.2674544068,-0.237192717397,0.176044406774
558.57177,30.79887,55.64511,-55.64511,30.4563613454,55.6440806774,-0.342508654645,-0.00102932264031
559.00673,30.51582,55.78258,-55.78258,30.215139968,56.0168749577,-0.300680031984,0.234294957691
559.44167,30.2339,56.26249,-56.26249,29.9772382136,56.386043342,-0.25666178636,0.123553341964
559.87659,30.02362,56.66906,-56.66906,29.7426060568,56.7517756318,-0.281013943208,0.0827156318217
560.31148,29.82906,57.02751,-57.02751,29.5111981736,57.11424603,-0.317861826387,0.0867360299541
560.74636,29.56985,57.31848,-57.31848,29.2829528844,57.4736466847,-0.286897115561,0.155166684654
561.18121,29.35752,57.72587,-57.72587,29.0578293595,57.8301297934,-0.299690640463,0.104259793439
561.61604,29.13112,58.11361,-58.11361,28.8357708247,58.1838658946,-0.295349175283,0.0702558945655
562.05084,28.92454,58.25196,-58.25196,28.6167307451,58.5350029512,-0.307809254914,0.283042951205
562.48562,28.71691,58.77465,-58.77465,28.4006524994,58.8836991469,-0.316257500639,0.109049146915
562.92039,28.46078,59.09143,-59.09143,28.1874798874,59.2301066976,-0.273300112604,0.138676697615
563.35512,28.23183,59.50374,-59.50374,27.9771764241,59.5743405346,-0.254653575918,0.0706005345968
563.78984,28.06107,59.65864,-59.65864,27.7711385379,59.9167285754,-0.289931462135,0.258088575432
564.22453,27.85905,60.18188,-60.18188,27.5697185787,60.257403086,-0.289331421273,0.0755230860064
564.6592,27.71427,60.43381,-60.43381,27.3709656455,60.5962626513,-0.343304354482,0.16245265127
565.09385,27.35934,60.8682,-60.8682,27.1748318867,60.9334248888,-0.184508113303,0.0652248888207
565.52847,27.20803,61.24292,-61.24292,26.9812743643,61.2689953025,-0.226755635738,0.0260753025076
565.96308,26.98962,61.34391,-61.34391,26.7902373422,61.6030983063,-0.199382657781,0.259188306331
566.39766,26.8165,61.75228,-61.75228,26.6016833547,61.9358234304,-0.214816645255,0.183543430379
566.83221,26.63107,62.17447,-62.17447,26.4155665807,62.2672717672,-0.215503419287,0.0928017672004
567.26675,26.49049,62.50818,-62.50818,26.2318334358,62.5975558287,-0.258656564201,0.0893758287072
567.70126,26.29122,62.76827,-62.76827,26.0504480174,62.926754075,-0.240771982595,0.158484075017
568.13575,26.09856,63.14393,-63.14393,25.8713623912,63.2549643322,-0.227197608779,0.111034332225
568.57021,25.90992,63.49695,-63.49695,25.6945376201,63.5822659805,-0.215382379881,0.0853159804951
569.00466,25.74114,63.77547,-63.77547,25.5199232956,63.9087578149,-0.221216704379,0.133287814936
569.43908,25.45487,64.1851,-64.1851,25.3474859133,64.234505485,-0.107384086693,0.0494054849817
569.87348,25.35761,64.47383,-64.47383,25.1771806207,64.55959427,-0.180429379331,0.0857642700122
570.30785,25.19396,64.72299,-64.72299,25.0089711997,64.8840916566,-0.184988800319,0.161101656638
570.7422,24.92179,65.10254,-65.10254,24.8428143879,65.2080773911,-0.0789756121468,0.105537391106
571.17653,24.87686,65.14505,-65.14505,24.6786716171,65.5316211474,-0.198188382939,0.386571147428
571.61084,24.65835,65.60419,-65.60419,24.5165050703,65.8547901227,-0.141844929697,0.250600122673
572.04513,24.54476,66.14624,-66.14624,24.3562776817,66.1776491373,-0.18848231834,0.0314091372561
572.47939,24.32046,66.46153,-66.46153,24.197956759,66.5002533045,-0.122503240954,0.0387233045323
572.91363,24.2648,66.80501,-66.80501,24.041503024,66.8226704095,-0.223296976023,0.0176604094841
573.34784,23.96701,66.9433,-66.9433,23.8868851926,67.1449512789,-0.0801248074243,0.20165127891
573.78204,23.81928,67.36185,-67.36185,23.7340620577,67.4671669897,-0.0852179422856,0.105316989734
574.21621,23.75638,67.72885,-67.72885,23.5830073066,67.7893569977,-0.173372693395,0.0605069977026
574.65035,23.58206,68.03662,-68.03662,23.433688193,68.1115737426,-0.148371806979,0.0749537426356
575.08448,23.3786,68.44422,-68.44422,23.2860659311,68.4338827285,-0.0925340689337,-0.0103372714854
575.51858,23.26951,68.67662,-68.67662,23.1401161257,68.7563180568,-0.129393874292,0.0796980567846
575.95266,23.11711,68.95469,-68.95469,22.9958048636,69.0789344595,-0.121305136441,0.12424445952
576.38672,22.92128,69.23179,-69.23179,22.8531023437,69.4017776719,-0.0681776563032,0.169987671901
576.82075,22.86703,69.42805,-69.42805,22.7119826819,69.7248844703,-0.15504731808,0.296834470254
577.25476,22.61589,69.93733,-69.93733,22.57241413,70.0483050603,-0.0434758699995,0.110975060309
577.68875,22.48246,70.33003,-70.33003,22.434368909,70.3720808206,-0.0480910910005,0.0420508206426
578.12271,22.41093,70.59821,-70.59821,22.2978230225,70.6962443181,-0.113106977484,0.0980343180599
578.55666,22.2319,70.95382,-70.95382,22.1627436945,71.0208492497,-0.0691563054651,0.0670292496653
578.99057,22.04821,71.20665,-71.20665,22.0291143634,71.3459106811,-0.0190956365661,0.139260681107
579.42447,22.02389,71.52657,-71.52657,21.8969005117,71.6714874084,-0.12698948829,0.144917408393
579.85834,21.77926,72.02892,-72.02892,21.7660836156,71.9975996245,-0.0131763844084,-0.031320375452
580.29219,21.72182,72.26346,-72.26346,21.6366365932,72.3242889339,-0.0851834068195,0.060828933943
580.72602,21.61911,72.44872,-72.44872,21.5085360137,72.6515883942,-0.110573986272,0.202868394153
581.15982,21.41802,72.97625,-72.97625,21.3817619307,72.9795224869,-0.0362580692894,0.00327248690621
581.5936,21.30752,73.02985,-73.02985,21.2562890894,73.308129827,-0.0512309105891,0.278279827041
582.02736,21.20527,73.45855,-73.45855,21.132095758,73.6374405607,-0.0731742419687,0.178890560732
582.4611,21.07439,73.77644,-73.77644,21.0091607486,73.9674839385,-0.0652292513812,0.191043938509
582.89481,20.98704,74.09289,-74.09289,20.887466198,74.2982807133,-0.0995738019515,0.20539071332
583.3285,20.87264,74.39343,-74.39343,20.7669891263,74.6298660446,-0.105650873738,0.23643604463
583.76216,20.73929,74.87169,-74.87169,20.6477126502,74.9622590199,-0.0915773498149,0.0905690198852
584.19581,20.60462,75.35234,-75.35234,20.5296121502,75.2955009635,-0.0750078497919,-0.0568390365445
584.62943,20.51089,75.51555,-75.51555,20.4126744454,75.629601762,-0.0982155545693,0.114051761991
585.06302,20.31958,76.03026,-76.03026,20.2968813093,75.9645858983,-0.0226986907173,-0.0656741016873
585.4966,20.22643,76.08976,-76.08976,20.1822097235,76.3004926839,-0.0442202765031,0.210732683854
585.93015,20.16628,76.58625,-76.58625,20.0686477608,76.6373298237,-0.097632239243,0.0510798236889
586.36367,19.95308,76.86756,-76.86756,19.9561785787,76.9751198147,0.00309857872081,0.107559814731
586.79718,19.804,77.2608,-77.2608,19.8447806624,77.3139001911,0.0407806624215,0.0531001910829
587.23066,19.75075,77.62387,-77.62387,19.7344432558,77.6536766819,-0.0163067441903,0.0298066819181
587.66411,19.61842,77.86792,-77.86792,19.6251508124,77.9944700041,0.00673081242063,0.12655000405
588.09755,19.52071,78.18388,-78.18388,19.5168832272,78.3363161193,-0.00382677283969,0.152436119261
588.53096,19.3927,78.6836,-78.6836,19.4096308365,78.6792189586,0.0169308365468,-0.0043810414426
588.96435,19.26134,78.77127,-78.77127,19.3033768656,79.0232055867,0.0420368655713,0.251935586714
589.39771,19.15757,79.41286,-79.41286,19.1981098514,79.368286721,0.0405398514443,-0.0445732789902
589.83105,19.09381,79.62668,-79.62668,19.0938138274,79.7144884969,3.82739360205e-06,0.087808496857
590.26437,18.9694,80,-80,18.9904756573,80.0618286597,0.0210756573253,0.0618286597099
590.69767,18.86775,80.34145,-80.34145,18.88889382,80.414056344,0.0211438199964,0.0726063439947
591.13094,18.72675,80.73229,-80.73229,18.7886236617,80.7691551701,0.0618736616736,0.0368651701479
591.56419,18.62046,81.14142,-81.14142,18.6892825071,81.1254507477,0.0688225071331,-0.0159692523407
591.99741,18.51284,81.45085,-81.45085,18.5908609459,81.4829509724,0.0780209459161,0.0321009724453
592.43061,18.42305,81.63972,-81.63972,18.4933453294,81.8416797851,0.0702953293893,0.201959785072
592.86379,18.29744,81.93597,-81.93597,18.396724631,82.2016524969,0.0992846310473,0.26568249687
593.29695,18.22505,82.60657,-82.60657,18.3009881357,82.5628840099,0.075938135698,-0.0436859900943
593.73008,18.19314,82.89519,-82.89519,18.2061276125,82.9253804424,0.0129876125048,0.0301904423608
594.16318,18.02491,83.22304,-83.22304,18.1121328885,83.2891558152,0.0872228885183,0.0661158151775
594.59627,17.95919,83.70648,-83.70648,18.0189898007,83.6542406553,0.0597998006513,-0.0522393446777
595.02933,17.87628,83.85112,-83.85112,17.9266931117,84.0206314567,0.050413111653,0.16951145674
595.46237,17.76449,84.12796,-84.12796,17.8352313998,84.38834962,0.0707413997893,0.260389620042
595.89538,17.63832,84.77848,-84.77848,17.7445977581,84.7573992323,0.106277758117,-0.0210807677048
596.32837,17.57074,85.11747,-85.11747,17.6547813393,85.1278010401,0.0840413393461,0.0103310401481
596.76134,17.47509,85.46224,-85.46224,17.565773676,85.4995669658,0.0906836760323,0.0373269657895
597.19428,17.39143,85.75737,-85.75737,17.4775685811,85.8726999534,0.0861385811188,0.115329953359
597.6272,17.36338,86.13282,-86.13282,17.3901560211,86.2472198128,0.0267760211407,0.114399812808
598.0601,17.18164,86.58382,-86.58382,17.3035282681,86.6231374494,0.121888268103,0.0393174493737
598.49297,17.14475,87.01766,-87.01766,17.2176798032,87.0004547046,0.072929803173,-0.0172052954002
598.92582,17.00309,87.36574,-87.36574,17.1326013528,87.3791904927,0.129511352815,0.0134504926834
599.35865,16.99231,87.58334,-87.58334,17.0482858774,87.7593547363,0.0559758773859,0.176014736329
599.79145,16.88031,88.0344,-88.0344,16.9647284777,88.1409482028,0.0844184777074,0.10654820285
600.22423,16.82211,88.3249,-88.3249,16.8819205896,88.5239889396,0.0598105895908,0.199088939621
600.65699,16.69769,89.01303,-89.01303,16.7998558137,88.9084859098,0.102165813737,-0.10454409021
601.08972,16.63178,89.27342,-89.27342,16.7185298249,89.2944388239,0.0867498249352,0.0210188239072
601.52243,16.51061,89.61321,-89.61321,16.6379347208,89.6818648805,0.127324720847,0.0686548804906
601.95511,16.43885,89.99255,-89.99255,16.558066535,90.0707630902,0.119216534982,0.0782130901619
602.38777,16.38041,90.57713,-90.57713,16.4789177814,90.4611500904,0.0985077813973,-0.115979909641
602.82041,16.30496,90.87745,-90.87745,16.4004830292,90.8530332679,0.0955230291678,-0.0244167320629
603.25302,16.20962,91.08268,-91.08268,16.3227588154,91.2464105843,0.113138815446,0.163730584299
603.68561,16.10743,91.65136,-91.65136,16.2457382432,91.6412978362,0.138308243194,-0.010062163793
604.11818,16.08996,91.90332,-91.90332,16.1694164072,92.0377014637,0.0794564072422,0.13438146374
604.55072,15.92989,92.44372,-92.44372,16.0937903094,92.4356183721,0.163900309366,-0.00810162791333
604.98324,15.93962,92.64031,-92.64031,16.0188536011,92.8350635106,0.0792336010632,0.194753510577
605.41573,15.81006,92.99135,-92.99135,15.9446035733,93.2360330725,0.134543573344,0.244683072457
605.8482,15.77569,93.29134,-93.29134,15.8710342222,93.6385414344,0.095344222197,0.347201434382
606.28065,15.66324,94.02414,-94.02414,15.7981414342,94.0425934306,0.134901434221,0.018453430554
606.71307,15.61697,94.36506,-94.36506,15.7259229047,94.4481841699,0.108952904653,0.0831241698876
607.14547,15.52905,95.00879,-95.00879,15.6543731157,94.8553271536,0.125323115676,-0.153462846394
607.57784,15.43576,95.49618,-95.49618,15.5834900132,95.2640167538,0.147730013246,-0.232163246154
608.01019,15.35345,95.41512,-95.41512,15.5132683843,95.6742658743,0.159818384339,0.259145874279
608.44252,15.3745,96.05281,-96.05281,15.4437048096,96.086077681,0.0692048096323,0.0332676810301
608.87482,15.29053,96.62326,-96.62326,15.374797584,96.4994454164,0.0842675839948,-0.123814583596
609.3071,15.20976,96.91728,-96.91728,15.3065419237,96.9143810629,0.0967819236757,-0.00289893714211
609.73936,15.13911,97.31195,-97.31195,15.2389347823,97.3308867447,0.0998247822738,0.0189367446703
610.17159,15.0224,97.58939,-97.58939,15.1719747725,97.7489545402,0.149574772499,0.15956454019
610.6038,14.99731,98.11345,-98.11345,15.105657508,98.1685954762,0.108347507986,0.0551454761605
611.03598,14.92944,98.6626,-98.6626,15.0399817968,98.5898008339,0.110541796834,-0.072799166087
611.46814,14.81074,98.98777,-98.98777,14.9749435007,99.0125809817,0.164203500689,0.0248109817241
611.90027,14.75902,99.26381,-99.26381,14.9105416102,99.4369263859,0.15152161022,0.173116385929
612.33238,14.64982,99.6953,-99.6953,14.846772222,99.8628467381,0.196952221974,0.167546738067
612.76447,14.57936,100.29934,-100.29934,14.7836330427,100.290341583,0.204273042715,-0.0089984172451
613.19653,14.59939,100.75823,-100.75823,14.7211233136,100.719400128,0.121733313626,-0.0388298716931
613.62857,14.47882,101.06654,-101.06654,14.6592394598,101.150031015,0.180419459782,0.0834910149469
614.06058,14.44683,101.65307,-101.65307,14.5979808744,101.582222588,0.151150874395,-0.0708474122784
614.49257,14.38926,101.95605,-101.95605,14.5373441863,102.015982761,0.148084186285,0.0599327608838
614.92454,14.26375,102.44878,-102.44878,14.4773275468,102.451309092,0.213577546771,0.00252909210815
615.35648,14.26935,102.72423,-102.72423,14.4179305552,102.888188594,0.148580555239,0.1639585936
615.7884,14.23867,103.4003,-103.4003,14.3591501239,103.326628052,0.120480123872,-0.0736719482197
616.22029,14.09063,103.73246,-103.73246,14.3009859754,103.766613565,0.210355975406,0.0341535648629
616.65216,14.08467,104.04416,-104.04416,14.2434351966,104.208151141,0.158765196611,0.163991141267
617.08401,14.04823,104.78592,-104.78592,14.1864963111,104.651236223,0.138266311112,-0.134683776804
617.51583,13.94938,105.12466,-105.12466,14.130169206,105.0958535,0.180789206038,-0.0288065002795
617.94762,13.93265,105.74591,-105.74591,14.0744524925,105.541997422,0.141802492474,-0.203912577524
618.37939,13.86865,106.06457,-106.06457,14.0193435731,105.989672381,0.150693573094,-0.0748976186783
618.81114,13.78896,106.41286,-106.41286,13.9648412201,106.438872034,0.175881220138,0.0260120340407
619.24286,13.76381,107.26751,-107.26751,13.9109455028,106.889579122,0.147135502786,-0.377930877861
619.67456,13.64163,107.51733,-107.51733,13.8576540325,107.341796768,0.216024032458,-0.175533232038
620.10623,13.66484,107.89685,-107.89685,13.8054711852,107.795738506,0.140631185206,-0.101111493531
620.53788,13.61395,108.43683,-108.43683,13.7544420316,108.251400876,0.140492031573,-0.185429123531
620.96951,13.53991,108.71673,-108.71673,13.7040145088,108.708511608,0.164104508825,-0.00821839198562
621.40111,13.49012,109.17687,-109.17687,13.6541887895,109.167050218,0.164068789478,-0.00981978164077
621.83268,13.44324,109.73929,-109.73929,13.6049638956,109.627006279,0.161723895608,-0.112283720843
622.26424,13.35495,110.413,-110.413,13.5563366458,110.088390289,0.201386645817,-0.32460971064
622.69576,13.35006,110.85056,-110.85056,13.5083095333,110.551158817,0.158249533332,-0.299401182561
623.12726,13.27033,111.06604,-111.06604,13.4608794558,111.015321409,0.190549455835,-0.0507185909363
623.55874,13.22448,111.41649,-111.41649,13.4140456074,111.480865763,0.189565607429,0.0643757629036
623.99019,13.25481,112.3386,-112.3386,13.3678082738,111.947768239,0.112998273752,-0.390831760626
624.42162,13.13174,112.59035,-112.59035,13.3221656078,112.416026308,0.190425607821,-0.174323691913
624.85303,13.05662,112.9733,-112.9733,13.2771168771,112.885626161,0.220496877122,-0.0876738391747
625.2844,13.03074,113.51946,-113.51946,13.2326634164,113.356531619,0.201923416406,-0.16292838089
625.71576,13.03181,114.19389,-114.19389,13.1888014187,113.828760565,0.156991418728,-0.365129435161
626.14709,12.94609,114.57078,-114.57078,13.1455322384,114.302275775,0.199442238435,-0.268504225494
626.57839,12.91387,115.01602,-115.01602,13.1028551686,114.777061319,0.188985168564,-0.238958680558
627.00967,12.88546,115.47329,-115.47329,13.0607685444,115.253111817,0.175308544386,-0.22017818343
627.44093,12.8218,116.1816,-116.1816,13.0192717202,115.730410411,0.19747172023,-0.451189589492
627.87216,12.72967,116.41589,-116.41589,12.9783649992,116.208928626,0.248694999201,-0.206961374305
628.30336,12.76931,116.6882,-116.6882,12.9380477067,116.688648504,0.16873770672,0.000448503740301
628.73454,12.71397,117.55374,-117.55374,12.8983182565,117.169562749,0.184348256536,-0.38417725123
629.1657,12.65485,117.71466,-117.71466,12.8591760187,117.651652477,0.204326018663,-0.0630075231647
629.59683,12.60584,118.40441,-118.40441,12.8206212495,118.134887078,0.214781249486,-0.26952292221
630.02794,12.5904,118.86802,-118.86802,12.7826524002,118.61925783,0.192252400227,-0.24876216955
630.45902,12.57529,119.37746,-119.37746,12.7452696921,119.104733072,0.169979692147,-0.27272692789
630.89007,12.52157,119.24389,-119.24389,12.7084724386,119.591291842,0.186902438636,0.347401841725
631.3211,12.4713,120.48532,-120.48532,12.672259111,120.078924014,0.200959110986,-0.406395985753
631.75211,12.45572,120.8704,-120.8704,12.6366290438,120.567607727,0.180909043846,-0.302792272838
632.18309,12.41698,121.02928,-121.02928,12.6015823659,121.057309259,0.184602365909,0.0280292589862
632.61405,12.39116,121.5467,-121.5467,12.5671175519,121.54801711,0.175957551884,0.00131711041996
633.04498,12.367,122.13643,-122.13643,12.5332346735,122.039696561,0.166234673534,-0.0967334392128
633.47588,12.36132,122.68145,-122.68145,12.4999329652,122.532323774,0.138612965189,-0.14912622569
633.90676,12.2107,123.45193,-123.45193,12.4672108893,123.025885922,0.256510889282,-0.42604407842
634.33762,12.22565,123.68225,-123.68225,12.4350676803,123.520358319,0.209417680343,-0.161891681025
634.76845,12.19551,124.36895,-124.36895,12.4035032764,124.015704326,0.207993276365,-0.353245674035
635.19925,12.17326,124.80151,-124.80151,12.3725168253,124.511898308,0.199256825271,-0.289611692345
635.63003,12.1199,125.4474,-125.4474,12.3421067503,125.008925747,0.222206750268,-0.43847425337
636.06079,12.1878,125.73119,-125.73119,12.3122721869,125.506760213,0.124472186853,-0.224429786893
636.49151,12.1013,126.41934,-126.41934,12.2830135873,126.005351691,0.181713587346,-0.413988309005
636.92222,12.00357,127.06565,-127.06565,12.2543279711,126.504707628,0.250757971122,-0.560942371795
637.3529,12.01351,127.2222,-127.2222,12.2262157162,127.004777189,0.212705716229,-0.217422810791
637.78355,12.01394,127.68228,-127.68228,12.1986757964,127.505532288,0.184735796414,-0.176747712048
638.21418,11.98596,128.26466,-128.26466,12.1717065321,128.006956117,0.185746532085,-0.257703882855
638.64478,11.92893,128.92846,-128.92846,12.1453074745,128.509008234,0.216377474477,-0.419451765885
639.07536,11.91034,129.532,-129.532,12.1194768993,129.011671146,0.209136899321,-0.520328853513
639.50591,11.84597,129.89516,-129.89516,12.0942142581,129.514903688,0.248244258078,-0.380256311878
639.93644,11.85429,130.29595,-130.29595,12.0695177772,130.018687726,0.215227777182,-0.277262273924
640.36694,11.85683,130.94927,-130.94927,12.0453868041,130.522981422,0.188556804079,-0.426288577732
640.79741,11.79888,131.46442,-131.46442,12.0218200526,131.027754319,0.22294005259,-0.436665681078
641.22786,11.79866,131.94236,-131.94236,11.9988156674,131.532987413,0.200155667383,-0.409372586606
641.65828,11.8122,132.81365,-132.81365,11.9763728328,132.038637964,0.164172832818,-0.77501203593
642.08868,11.79637,132.67542,-132.67542,11.9544896343,132.544686452,0.15811963433,-0.130733548017
642.51906,11.7216,133.5342,-133.5342,11.9331646543,133.051101376,0.211564654344,-0.483098623566
642.9494,11.69879,134.13599,-134.13599,11.9123973828,133.557827444,0.213607382843,-0.578162556454
643.37972,11.7116,134.70533,-134.70533,11.8921853084,134.064856226,0.180585308428,-0.6404737741
643.81002,11.67783,135.10093,-135.10093,11.8725268776,134.572155566,0.194696877572,-0.528774433733
644.24029,11.62751,135.56014,-135.56014,11.8534209278,135.079681319,0.225910927756,-0.480458680714
644.67053,11.67737,135.78437,-135.78437,11.8348657734,135.587400949,0.157495773359,-0.196969051126
645.10075,11.59639,136.39638,-136.39638,11.8168592691,136.095293573,0.22046926911,-0.301086427348
645.53095,11.63618,137.02365,-137.02365,11.7993996721,136.603326373,0.163219672059,-0.420323626568
645.96111,11.61252,137.24323,-137.24323,11.7824859645,137.111442781,0.169965964496,-0.131787219
646.39125,11.62719,138.15807,-138.15807,11.766115482,137.619633362,0.138925481957,-0.538436637835
646.82137,11.56076,138.70747,-138.70747,11.7502863352,138.127864976,0.189526335207,-0.579605024137
647.25146,11.55651,139.23463,-139.23463,11.7349969349,138.636092588,0.17848693487,-0.598537412153
647.68152,11.49085,139.48255,-139.48255,11.7202452554,139.144282923,0.229395255381,-0.33826707749
648.11156,11.52548,140.25777,-140.25777,11.7060288974,139.652414481,0.180548897359,-0.605355518535
648.54157,11.49159,140.63168,-140.63168,11.6923460854,140.160442111,0.2007560854,-0.471237889239
648.97156,11.49391,140.96759,-140.96759,11.6791943456,140.66834428,0.185284345606,-0.29924572033
649.40152,11.46519,141.73883,-141.73883,11.6665717785,141.176075842,0.201381778502,-0.562754157829
649.83145,11.48972,142.276,-142.276,11.6544761108,141.683603497,0.164756110789,-0.592396502774
650.26136,11.47561,142.78529,-142.78529,11.6429047568,142.190905788,0.167294756757,-0.594384211964
650.69124,11.46226,143.2954,-143.2954,11.6318556319,142.697937714,0.169595631916,-0.597462285587
651.12109,11.44967,143.80626,-143.80626,11.6213263154,143.204666163,0.171656315386,-0.601593836567
651.55092,11.43783,144.31783,-144.31783,11.6113141107,143.711069897,0.173484110668,-0.606760103135
651.98073,11.42676,144.8301,-144.8301,11.6018165356,144.217115988,0.175056535642,-0.612984012197
652.4105,11.41644,145.34292,-145.34292,11.5928314661,144.722748113,0.176391466097,-0.620171886604
652.84025,11.4069,145.85622,-145.85622,11.5853469899,145.226680685,0.178446989867,-0.629539314907
653.26998,11.39812,146.36991,-146.36991,11.5786266306,145.729763802,0.180506630612,-0.6401461978
653.69968,11.3901,146.88395,-146.88395,11.5724066716,146.232282854,0.182306671643,-0.651667145686
654.12935,11.38288,147.39802,-147.39802,11.56668427,146.734206202,0.18380426998,-0.663813798065
654.55899,11.3764,147.9125,-147.9125,11.5614565386,147.235502445,0.185056538568,-0.676997554933
654.98861,11.37069,148.42711,-148.42711,11.5567204424,147.736152084,0.186030442397,-0.690957916363
655.4182,11.36574,148.94177,-148.94177,11.5524731355,148.236112563,0.186733135512,-0.705657436848
655.84777,11.36155,149.45641,-149.45641,11.5487115206,148.7353649,0.187161520626,-0.721045099735
656.27731,11.35813,149.97095,-149.97095,11.5454326455,149.233867146,0.187302645527,-0.73708285424
656.70682,11.35548,150.48532,-150.48532,11.5426334131,149.731589306,0.187153413058,-0.753730694464
657.13631,11.35361,150.99922,-150.99922,11.5403106379,150.228513269,0.186700637934,-0.770706731461
657.56577,11.35247,151.51305,-151.51305,11.5384612153,150.724598099,0.185991215255,-0.788451901396
657.9952,11.35209,152.0265,-152.0265,11.5370819316,151.219814803,0.184991931561,-0.806685196622
658.42461,11.35247,152.53949,-152.53949,11.5361695207,151.714146251,0.183699520659,-0.825343749272
658.85399,11.35361,153.05197,-153.05197,11.5357207336,152.207552633,0.182110733592,-0.844417366931
659.28335,11.35549,153.56386,-153.56386,11.5357322544,152.700017524,0.180242254437,-0.863842475743
659.71267,11.35815,154.07484,-154.07484,11.5362007271,153.191490491,0.178050727062,-0.883349509406
660.14197,11.36153,154.58534,-154.58534,11.5371227846,153.681967334,0.1755927846,-0.903372666233
660.57125,11.36566,154.98856,-154.98856,11.5384950379,154.171421301,0.17283503791,-0.817138698504
661.00049,11.34493,154.88565,-154.88565,11.5403139713,154.659803327,0.195383971346,-0.225846673492
661.42971,11.37032,156.11492,-156.11492,11.542576188,155.147110329,0.172256187986,-0.9678096714
661.85891,11.36785,156.33739,-156.33739,11.5452782082,155.633316834,0.17742820817,-0.704073166069
662.28807,11.37479,156.95924,-156.95924,11.5484163677,156.118375231,0.173626367703,-0.84086476908
662.71721,11.36746,157.24597,-157.24597,11.5519872478,156.602283621,0.184527247847,-0.643686379345
663.14633,11.38538,158.02857,-158.02857,11.5559872882,157.085017878,0.170607288207,-0.943552122078
663.57541,11.37008,158.46957,-158.46957,11.5604126874,157.566531923,0.190332687398,-0.903038076889
664.00447,11.41333,159.00642,-159.00642,11.5652600134,158.04682509,0.151930013401,-0.959594910193
664.4335,11.4224,159.38809,-159.38809,11.5705255076,158.525863508,0.148125507576,-0.862226492134
664.86251,11.38373,159.88531,-159.88531,11.5762056257,159.003636146,0.19247562573,-0.881673853596
665.29149,11.46131,160.62211,-160.62211,11.5822965485,159.480110157,0.120986548542,-1.1419998429
665.72044,11.40978,160.90609,-160.90609,11.5887945559,159.955264362,0.1790145559,-0.95082563837
666.14936,11.43773,161.31158,-161.31158,11.5956959102,160.429078075,0.157965910188,-0.882501924683
666.57826,11.42509,162.05408,-162.05408,11.6029970323,160.90154211,0.177907032299,-1.15253788967
667.00713,11.46187,162.3848,-162.3848,11.6106939966,161.372625715,0.148823996582,-1.01217428514
667.43597,11.39893,162.7328,-162.7328,11.6187830195,161.842309701,0.219853019533,-0.890490299193
667.86478,11.47841,163.13353,-163.13353,11.6272603047,162.310575384,0.148850304725,-0.822954616356
668.29357,11.4476,163.68188,-163.68188,11.6361222551,162.777415455,0.188522255079,-0.904464545331
668.72233,11.47032,164.03614,-164.03614,11.6453648583,163.242801303,0.175044858292,-0.79333869737
669.15107,11.50555,164.68749,-164.68749,11.6549845144,163.706726563,0.149434514447,-0.980763437095
669.57977,11.51375,165.1674,-165.1674,11.6649769377,164.169152932,0.151226937655,-0.998247067846
670.00845,11.51406,165.46691,-165.46691,11.6753387495,164.630085828,0.161278749517,-0.836824172248
670.4371,11.5419,165.72812,-165.72812,11.6860658704,165.089498795,0.144165870436,-0.638621204538
670.86572,11.557,166.48,-166.48,11.6971544444,165.54737669,0.140154444435,-0.932623310303
671.29432,11.57709,166.98876,-166.98876,11.7086008827,166.003715498,0.131510882706,-0.985044502205
671.72289,11.59046,167.4497,-167.4497,11.7204010675,166.458490378,0.129941067482,-0.991209621637
672.15143,11.56287,167.57119,-167.57119,11.7325511336,166.91168769,0.169681133556,-0.659502309954
672.57994,11.62,168.33003,-168.33003,11.7450472148,167.363294289,0.125047214822,-0.966735711049
673.00843,11.62935,168.17463,-168.17463,11.7578857489,167.81330801,0.128535748896,-0.361321990173
673.43689,11.62238,169.01492,-169.01492,11.7710625831,168.261706137,0.148682583073,-0.7532138628
673.86532,11.6855,169.86331,-169.86331,11.7845738544,168.708477001,0.0990738543551,-1.15483299867
674.29372,11.67202,170.32205,-170.32205,11.7984157028,169.153609417,0.12639570284,-1.16844058263
674.7221,11.66999,170.53883,-170.53883,11.8125846072,169.597103015,0.142594607225,-0.941726984636
675.15044,11.66473,170.86809,-170.86809,11.8270760551,170.038926863,0.162346055064,-0.829163137419
675.57876,11.70858,171.3322,-171.3322,11.8418868778,170.479091834,0.133306877848,-0.853108166273
676.00706,11.70278,171.42347,-171.42347,11.8570132595,170.917588527,0.154233259464,-0.505881473417
676.43532,11.82884,172.45616,-172.45616,11.8724506628,171.354387641,0.0436106627913,-1.10177235923
676.86356,11.74298,172.59024,-172.59024,11.8881959864,171.789501209,0.145215986443,-0.800738791387
677.29176,11.78403,173.21462,-173.21462,11.9042446823,172.222900996,0.120214682273,-0.99171900435
677.71995,11.76018,173.43746,-173.43746,11.9205940825,172.654609841,0.160414082508,-0.782850159138
678.1481,11.79905,174.05973,-174.05973,11.9372392605,173.084590414,0.138189260471,-0.975139586123
678.57622,11.77582,174.65524,-174.65524,11.9541768146,173.512846228,0.178356814614,-1.14239377248
679.00432,11.82963,174.49727,-174.49727,11.9714033834,173.939381066,0.141773383414,-0.557888933827
679.43239,11.80337,175.14886,-175.14886,11.9889148205,174.364179171,0.185544820463,-0.784680828974
679.86043,11.88432,175.38171,-175.38171,12.0067073856,174.787235224,0.122387385635,-0.594474776226
680.28844,11.89329,175.86735,-175.86735,12.0247773536,175.208544317,0.131487353575,-0.658805682773
680.71642,11.94412,176.53489,-176.53489,12.0431210144,175.628101949,0.0990010143836,-0.906788051197
681.14438,11.91504,176.97808,-176.97808,12.0617351124,176.045913757,0.146695112368,-0.932166243422
681.57231,11.93096,177.2067,-177.2067,12.0806155448,176.461966204,0.149655544837,-0.744733796385
682.00021,11.95836,178.00943,-178.00943,12.0997586519,176.876255961,0.141398651894,-1.13317403917
682.42808,11.99621,178.1966,-178.1966,12.1191607916,177.288780077,0.122950791624,-0.907819923234
682.85592,12.0353,178.57809,-178.57809,12.1388183407,177.699535971,0.103518340674,-0.878554029346
683.28373,12.08423,178.88134,-178.88134,12.1587276948,178.108521425,0.0744976948097,-0.7728185746
683.71152,12.02584,179.55352,-179.55352,12.1788857436,178.515744079,0.153045743563,-1.03777592064
684.13928,12.10175,179.6821,-179.6821,12.1992884599,178.921192841,0.0975384598564,-0.76090715886
684.56701,12.14659,180.14299,-180.14299,12.2199322997,179.324866542,0.0733422997258,-0.818123457894
684.99471,12.17258,180.31101,-180.31101,12.2408137404,179.726764349,0.0682337403622,-0.584245651087
685.42238,12.13258,181.07509,-181.07509,12.2619292806,180.126885756,0.129349280572,-0.94820424368
685.85002,12.18612,181.62915,-181.62915,12.2832754412,180.52523058,0.0971554412139,-1.10391941999
686.27764,12.18906,181.91215,-181.91215,12.3048492728,180.921808203,0.115789272779,-0.990341796966
686.70522,12.26345,181.9481,-181.9481,12.3266463324,181.316600513,0.0631963323889,-0.631499486747
687.13278,12.27025,182.45015,-182.45015,12.3486642289,181.709626712,0.0784142288909,-0.740523287555
687.56031,12.27309,183.1903,-183.1903,12.370899068,182.100878575,0.0978090679749,-1.08942142532
687.98781,12.30519,183.26585,-183.26585,12.3933474865,182.490357413,0.088157486453,-0.775492587197
688.41528,12.30366,183.80324,-183.80324,12.4160061454,182.878064818,0.11234614543,-0.925175182302
688.84273,12.36715,184.18785,-184.18785,12.4389605946,183.263842525,0.0718105945646,-0.924007474653
689.27014,12.41947,184.77143,-184.77143,12.4629116333,183.646310804,0.0434416333265,-1.12511919613
689.69752,12.39972,184.88121,-184.88121,12.4870599267,184.026995857,0.0873399267398,-0.854214143485
690.12488,12.41388,185.06547,-185.06547,12.5114028103,184.405909761,0.0975228103418,-0.659560239009
690.55221,12.48528,185.78631,-185.78631,12.5359365114,184.783047057,0.0506565113825,-1.00326294302
690.97951,12.4938,185.98987,-185.98987,12.5606578466,185.158411441,0.0668578465589,-0.831458559202
691.40677,12.52001,186.65971,-186.65971,12.5855630744,185.531998107,0.0655530744223,-1.12771189289
691.83401,12.52215,186.74858,-186.74858,12.6106502315,185.903828677,0.0885002315407,-0.844751323491
692.26123,12.59901,187.17002,-187.17002,12.6359162286,186.273907368,0.0369062285972,-0.896112631557
692.68841,12.52729,187.54988,-187.54988,12.661356808,186.642221401,0.134066808035,-0.907658598904
693.11556,12.66123,187.98405,-187.98405,12.686969512,187.008784195,0.0257395119799,-0.975265804565
693.54268,12.59555,188.18684,-188.18684,12.7127513209,187.373600678,0.117201320862,-0.81323932166
693.96978,12.71697,188.96334,-188.96334,12.7386998523,187.73668444,0.0217298523187,-1.22665555989
694.39684,12.64682,189.19353,-189.19353,12.7648109271,188.098023764,0.117990927128,-1.09550623619
694.82388,12.67761,189.29025,-189.29025,12.7910828318,188.457641027,0.113472831781,-0.832608972954
695.25089,12.73482,189.56917,-189.56917,12.8175120483,188.815533368,0.0826920483159,-0.753636631958
695.67786,12.78513,190.19979,-190.19979,12.8440950718,189.171698242,0.0589650718386,-1.0280917579
696.10481,12.7902,190.48016,-190.48016,12.8708302951,189.526158262,0.0806302951219,-0.954001738372
696.53173,12.80158,191.05278,-191.05278,12.8977142729,189.87891114,0.0961342729477,-1.17386885952
696.95862,12.81762,190.93656,-190.93656,12.9247442089,190.229963095,0.107124208926,-0.706596905454
697.38548,12.85155,191.47026,-191.47026,12.9519173347,190.579320475,0.100367334717,-0.890939525355
697.81231,12.97027,191.75634,-191.75634,12.97923091,190.926989761,0.0089609100276,-0.829350238899
698.23911,12.88513,192.22258,-192.22258,13.0066822226,191.272977558,0.121552222588,-0.949602441647
698.66588,12.96193,192.53458,-192.53458,13.0342685881,191.61729059,0.0723385881267,-0.917289410293
699.09262,12.93759,192.64792,-192.64792,13.0619873503,191.959935692,0.124397350333,-0.687984307827
699.51933,13.04109,193.23615,-193.23615,13.0898358808,192.300919811,0.0487458808118,-0.935230188579
699.94601,12.99816,193.5639,-193.5639,13.117811579,192.640249997,0.119651579025,-0.923650003168
700.37266,13.05487,193.94453,-193.94453,13.1459118722,192.977933397,0.0910418722331,-0.966596603341
700.79929,13.10107,194.27929,-194.27929,13.1741348784,193.313985111,0.0730648783874,-0.965304888708
701.22588,13.13312,194.31675,-194.31675,13.202476757,193.648396719,0.0693567570024,-0.668353281021
701.65244,13.1328,194.92269,-194.92269,13.2309356784,193.981183532,0.0981356783578,-0.941506467625
702.07897,13.21247,195.34525,-195.34525,13.2595091801,194.312353049,0.0470391801085,-1.03289695112
702.50548,13.23752,195.59503,-195.59503,13.2881955012,194.641920551,0.0506755011767,-0.953109449347
702.93195,13.24856,195.94335,-195.94335,13.3169908886,194.969878229,0.0684308886277,-0.973471770699
703.35839,13.30382,196.28132,-196.28132,13.3458936331,195.296241544,0.0420736331371,-0.985078456038
703.7848,13.31558,196.59836,-196.59836,13.3749013812,195.621018272,0.0593213811508,-0.977341728018
704.21119,13.33662,196.9902,-196.9902,13.40401249,195.944223812,0.0673924899581,-1.0459761875
704.63754,13.31872,196.90639,-196.90639,13.4332232942,196.265850899,0.114503294159,-0.640539101051
705.06386,13.38107,197.27585,-197.27585,13.462532202,196.585915075,0.0814622020137,-0.689934924639
705.49015,13.46373,197.83751,-197.83751,13.4919369668,196.904424336,0.0282069667586,-0.933085663757
705.91641,13.45325,197.99194,-197.99194,13.521435368,197.221386721,0.0681853679743,-0.770553278683
706.34265,13.45111,198.27695,-198.27695,13.5510259067,197.536817695,0.0999159067382,-0.740132305338
706.76885,13.49441,198.793,-198.793,13.5807050264,197.850710576,0.0862950263782,-0.942289424282
707.19502,13.54544,199.03472,-199.03472,13.6104712777,198.163080938,0.0650312777236,-0.871639062366
707.62116,13.54579,199.2942,-199.2942,13.6403225442,198.473936967,0.0945325441882,-0.820263032519
708.04727,13.56437,199.54598,-199.54598,13.6702567347,198.783286881,0.105886734737,-0.762693118754
708.47335,13.58259,199.91207,-199.91207,13.7002717837,199.091138921,0.117681783717,-0.820931079163
708.8994,13.67959,200.2086,-200.2086,13.7303656507,199.397501351,0.0507756506847,-0.811098648815
709.32542,13.70456,200.43985,-200.43985,13.7605363202,199.702382457,0.0559763202275,-0.737467542584
709.7514,13.74117,200.80958,-200.80958,13.7907810909,200.005783437,0.049611090896,-0.803796563333
710.17736,13.75309,201.20774,-201.20774,13.8210994169,200.307726851,0.0680094168518,-0.900013148984
710.60329,13.73632,201.19919,-201.19919,13.8514886476,200.608213891,0.115168647588,-0.590976109344
711.02918,13.8779,201.75213,-201.75213,13.88194615,200.90724589,0.00404615003854,-0.844884109713
711.45505,13.83616,202.04085,-202.04085,13.9124714616,201.204845239,0.0763114615569,-0.836004760894
711.88088,13.89861,202.38844,-202.38844,13.9430612796,201.501006312,0.0444512796267,-0.88743368772
712.30669,13.85078,202.40057,-202.40057,13.9737151957,201.795751374,0.122935195669,-0.604818626175
712.73246,13.89342,202.65862,-202.65862,14.0044299482,202.089074934,0.111009948189,-0.569545065778
713.1582,13.98056,203.03229,-203.03229,14.035204458,202.380992285,0.0546444579952,-0.651297715434
713.58391,14.04117,203.57245,-203.57245,14.0660369499,202.671511774,0.0248669499025,-0.900938226123
714.00959,14.01937,203.80783,-203.80783,14.0969256717,202.960641746,0.0775556716709,-0.84718825447
714.43524,14.01804,203.98665,-203.98665,14.1278688938,203.248390535,0.109828893805,-0.738259464659
714.86086,14.1518,204.25915,-204.25915,14.1588649094,203.53476647,0.00706490935421,-0.724383530282
715.28644,14.18632,204.48278,-204.48278,14.1899113036,203.819771183,0.00359130359077,-0.663008817246
715.712,14.15185,204.79906,-204.79906,14.2210078731,204.10342637,0.0691578730977,-0.695633629702
716.13752,14.20051,204.98944,-204.98944,14.252151516,204.385726989,0.0516415159902,-0.603713011247
716.56302,14.21932,205.38212,-205.38212,14.2833420773,204.666694578,0.0640220773031,-0.715425421985
716.98848,14.3444,205.84156,-205.84156,14.3145764938,204.946324185,-0.0298235062047,-0.89523581495
717.41391,14.33274,205.96464,-205.96464,14.3458539221,205.224630663,0.0131139221225,-0.740009337355
717.83931,14.36455,206.22422,-206.22422,14.3771728076,205.501622224,0.0126228075937,-0.72259777574
718.26468,14.32863,206.52842,-206.52842,14.4085316164,205.777307061,0.0799016164385,-0.751112938639
718.69001,14.37571,206.78519,-206.78519,14.439928097,206.051686906,0.06421809697,-0.733503093909
719.11532,14.45742,207.08203,-207.08203,14.471362233,206.324782804,0.0139422330112,-0.75724719615
719.54059,14.42417,207.3095,-207.3095,14.5028310742,206.59659003,0.0786610742296,-0.712909970179
719.96584,14.51299,207.63821,-207.63821,14.5343346485,206.867129457,0.0213446484741,-0.771080542505
720.39105,14.50208,207.86863,-207.86863,14.5658700419,207.136396425,0.0637900419441,-0.732233574548
720.81622,14.58228,208.12326,-208.12326,14.5974358398,207.404399054,0.0151558398112,-0.718860945534
721.24137,14.57093,208.36766,-208.36766,14.629032134,207.671157954,0.0581021340299,-0.69650204586
721.66649,14.6464,208.91725,-208.91725,14.6606568089,207.936674778,0.0142568089261,-0.980575221722
722.09157,14.64445,208.88259,-208.88259,14.692307765,208.200951264,0.0478577650381,-0.681638736289
722.51662,14.77789,209.36832,-209.36832,14.7239844104,208.464001577,-0.0539055896415,-0.904318423334
722.94164,14.69435,209.38263,-209.38263,14.755685428,208.72583359,0.0613354280265,-0.656796410495
723.36663,14.80185,209.66419,-209.66419,14.7874095197,208.98645514,-0.0144404803257,-0.677734860036
723.79159,14.75138,210.05318,-210.05318,14.8191554052,209.24587403,0.0677754052291,-0.807305969625
724.21651,14.83095,210.13405,-210.13405,14.8509210749,209.504091964,0.0199710748896,-0.629958036136
724.6414,14.80414,210.33412,-210.33412,14.8827060314,209.761122788,0.0785660314244,-0.572997212285
725.06627,14.86063,210.79005,-210.79005,14.9145097973,210.016980202,0.0538797973345,-0.773069798323
725.49109,14.87956,211.00316,-211.00316,14.9463289175,210.271653834,0.0667689175019,-0.731506166253
725.91589,14.91988,211.20885,-211.20885,14.9781644468,210.525169324,0.05828444682,-0.683680676339
726.34065,14.96378,211.40067,-211.40067,15.0100137122,210.777522311,0.046233712172,-0.623147689478
726.76539,15.05459,211.68755,-211.68755,15.0418770558,211.028732212,-0.0127129441784,-0.658817788234
727.19009,14.99263,211.98787,-211.98787,15.0737518368,211.278794693,0.0811218368069,-0.709075306722
727.61475,15.09726,212.2705,-212.2705,15.1056369301,211.527717288,0.00837693013151,-0.742782711964
728.03939,15.12671,212.51587,-212.51587,15.1375327298,211.775519132,0.0108227298439,-0.740350868067
728.46399,15.13008,212.74452,-212.74452,15.1694366423,212.022195924,0.0393566422794,-0.722324075509
728.88856,15.17283,212.97156,-212.97156,15.201348343,212.267760843,0.0285183430263,-0.703799157151
729.3131,15.19124,213.17413,-213.17413,15.2332841505,212.512167144,0.0420441505498,-0.661962855902
729.7376,15.25238,213.39963,-213.39963,15.2657697558,212.75377568,0.0133897558103,-0.645854319772
730.16208,15.25359,213.78514,-213.78514,15.2982590371,212.994303954,0.0446690371108,-0.790836046121
730.58652,15.33508,214.09588,-214.09588,15.3307494683,213.233747869,-0.00433053167892,-0.862132130602
731.01092,15.27387,214.14697,-214.14697,15.3632400688,213.472114692,0.0893700688014,-0.674855307667
731.4353,15.32455,214.51838,-214.51838,15.3957314041,213.7094228,0.0711814041007,-0.808957200044
731.85964,15.38971,214.70695,-214.70695,15.428220992,213.945668106,0.0385109920273,-0.761281894178
732.28395,15.36076,214.65242,-214.65242,15.4607086617,214.180863265,0.0999486616652,-0.47155673546
732.70823,15.46868,214.97119,-214.97119,15.4931934908,214.41501528,0.0245134907515,-0.556174720345
733.13247,15.54071,215.31468,-215.31468,15.5256738055,214.648125625,-0.0150361944866,-0.666554375068
733.55668,15.47707,215.52861,-215.52861,15.5581494774,214.88020674,0.0810794773918,-0.648403259702
733.98086,15.56364,215.81403,-215.81403,15.5906196259,215.111265488,0.0269796259087,-0.702764512307
734.405,15.6466,216.00453,-216.00453,15.6230826188,215.34130327,-0.023517381173,-0.663226729997
734.82912,15.63456,216.06514,-216.06514,15.6555391334,215.570337702,0.0209791334276,-0.494802298043
735.2532,15.66619,216.63783,-216.63783,15.687986799,215.798364703,0.0217967989551,-0.839465296827
735.67724,15.65465,216.79924,-216.79924,15.7204247887,216.025391016,0.0657747887204,-0.773848984095
736.10125,15.7773,216.80524,-216.80524,15.7528530538,216.251428654,-0.0244469462284,-0.553811346159
736.52523,15.83225,217.17954,-217.17954,15.7852707927,216.476484195,-0.0469792072905,-0.703055805056
736.94918,15.83227,217.51293,-217.51293,15.8176772167,216.70056417,-0.0145927832672,-0.812365829924
737.37309,15.79225,217.54731,-217.54731,15.8500707854,216.923669811,0.0578207854414,-0.623640188803
737.79697,15.86384,217.86852,-217.86852,15.8824514993,217.145812852,0.0186114993183,-0.722707148488
738.22082,15.83277,217.93866,-217.93866,15.9148186065,217.366999681,0.082048606477,-0.571660319499
738.64463,15.9792,218.21957,-218.21957,15.9471706038,217.587231455,-0.0320293962002,-0.632338544664
739.06841,15.94734,218.43349,-218.43349,15.979507527,217.806519701,0.0321675270466,-0.626970298871
739.49216,16.04209,218.64924,-218.64924,16.0118286599,218.024870667,-0.0302613401223,-0.624369333191
739.91587,16.05284,218.91883,-218.91883,16.0441325353,218.242285434,-0.00870746474296,-0.676544565625
740.33955,16.09756,218.95879,-218.95879,16.0764192227,218.458775323,-0.0211407772772,-0.500014676811
740.76319,16.10977,219.22782,-219.22782,16.1086872787,218.674341365,-0.0010827213403,-0.553478635074
741.1868,16.07744,219.55292,-219.55292,16.1409367943,218.888994743,0.0634967943327,-0.663925256943
741.61038,16.18052,219.82324,-219.82324,16.1731671097,219.102741475,-0.00735289026333,-0.720498525297
742.03392,16.20448,220.18169,-220.18169,16.2053768154,219.315582516,0.000896815414432,-0.866107483624
742.45743,16.18689,220.07548,-220.07548,16.237566034,219.52752885,0.0506760340203,-0.547951149806
742.88091,16.29329,220.33659,-220.33659,16.2697341377,219.738586356,-0.0235558623472,-0.598003643792
743.30435,16.29216,220.70867,-220.70867,16.3018797499,219.948755916,0.00971974990538,-0.759914083897
743.72776,16.32732,220.83323,-220.83323,16.3340030235,220.158048314,0.00668302345416,-0.675181686478
744.15114,16.39649,220.99413,-220.99413,16.3661033613,220.366469293,-0.0303866387138,-0.627660706858
744.57448,16.41521,221.22509,-221.22509,16.398179419,220.574019662,-0.0170305810267,-0.651070337633
744.99778,16.43443,221.50998,-221.50998,16.430230621,220.780705137,-0.00419937902005,-0.729274863381
745.42105,16.51085,221.56665,-221.56665,16.462257158,220.986536239,-0.0485928420086,-0.580113760618
745.84429,16.48172,221.90969,-221.90969,16.4942584724,221.191518537,0.0125384723861,-0.718171462508
746.2675,16.48885,222.04512,-222.04512,16.5262340161,221.395657554,0.0373840160547,-0.649462445924
746.69066,16.5648,222.21101,-222.21101,16.5581817409,221.59894918,-0.00661825910513,-0.612060820108
747.1138,16.55497,222.2646,-222.2646,16.5901033833,221.801413292,0.0351333832912,-0.46318670752
747.5369,16.58308,222.61977,-222.61977,16.6219969142,222.003045715,0.0389169142067,-0.616724285007
747.95997,16.64935,222.77761,-222.77761,16.6538625771,222.203856592,0.00451257713337,-0.57375340823
748.383,16.67082,222.9176,-222.9176,16.6856991175,222.403846512,0.0148791175121,-0.513753487928
748.806,16.68987,223.35672,-223.35672,16.7175067954,222.603025497,0.0276367953911,-0.753694503311
749.22896,16.74864,223.45399,-223.45399,16.749284375,222.801394088,0.000644375003965,-0.652595912321
749.65189,16.68413,223.56018,-223.56018,16.7810321324,222.998962184,0.0969021324472,-0.561217816204
750.07478,16.80982,223.74415,-223.74415,16.8127488503,223.19573028,0.00292885033751,-0.548419719552
750.49764,16.86769,223.95427,-223.95427,16.8444348203,223.391708156,-0.0232551796763,-0.562561844115
750.92046,16.84151,224.19647,-224.19647,16.876088843,223.586896259,0.0345788430051,-0.609573740556
751.34325,16.80607,224.33514,-224.33514,16.9077112251,223.78130425,0.101641225099,-0.553835749588
751.76601,16.9376,224.59695,-224.59695,16.9393015317,223.974937104,0.00170153168076,-0.622012896095
752.18872,16.92723,224.62399,-224.62399,16.9708578434,224.167790648,0.0436278434138,-0.456199351927
752.61141,16.92491,224.9474,-224.9474,17.0023819818,224.359883491,0.0774719817803,-0.587516508638
753.03406,17.03245,225.07679,-225.07679,17.0338720437,224.5512114,0.00142204374548,-0.525578600428
753.45667,17.07026,225.2979,-225.2979,17.0653276277,224.741779241,-0.00493237229333,-0.55612075903
753.87925,17.03729,225.44904,-225.44904,17.0967490828,224.931596327,0.0594590828066,-0.517443672734
754.3018,17.0912,225.57323,-225.57323,17.1281360202,225.120667396,0.0369360201629,-0.452562604298
754.72431,17.08258,225.74304,-225.74304,17.1594873166,225.308992696,0.0769073165676,-0.434047303713
755.14678,17.13213,226.06736,-226.06736,17.1908026,225.496576941,0.0586726000205,-0.570783059288
755.56922,17.26236,226.2035,-226.2035,17.2220822457,225.683429217,-0.0402777542553,-0.520070783234
755.99162,17.23515,226.32314,-226.32314,17.2533251543,225.869549711,0.0181751543232,-0.453590289173
756.41399,17.30717,226.76419,-226.76419,17.2845317134,226.054947401,-0.0226382866084,-0.709242598939
756.83632,17.36543,226.71984,-226.71984,17.315700839,226.239622432,-0.0497291610427,-0.480217567588
757.25862,17.29709,226.80609,-226.80609,17.3468329307,226.423583675,0.0497429306644,-0.382506325021
757.68088,17.3549,226.98436,-226.98436,17.3779269196,226.606831233,0.0230269196123,-0.377528767012
758.10311,17.35303,227.29471,-227.29471,17.4089832171,226.78937387,0.0559532170599,-0.505336129985
758.5253,17.42715,227.55066,-227.55066,17.4400007689,226.97121165,0.0128507688737,-0.579448349711
758.94745,17.45793,227.70002,-227.70002,17.4709792641,227.15234895,0.0130492641477,-0.547671050363
759.36957,17.53682,227.74153,-227.74153,17.5019191309,227.332794375,-0.034900869142,-0.408735625409
759.79165,17.5138,227.938,-227.938,17.5328193364,227.512547931,0.0190193364408,-0.4254520694
760.2137,17.53938,228.15577,-228.15577,17.5636803195,227.691618122,0.0243003195462,-0.464151878487
760.63571,17.55598,228.33358,-228.33358,17.5945010616,227.870004915,0.0385210615983,-0.463575085393
761.05769,17.5985,228.59188,-228.59188,17.6252820116,228.047716713,0.0267820115624,-0.544163287434
761.47963,17.56798,228.82021,-228.82021,17.6560221646,228.224753445,0.0880421645518,-0.59545655477
761.90153,17.67332,228.84304,-228.84304,17.6867212523,228.401119243,0.0134012523124,-0.441920756931
762.3234,17.67845,229.07408,-229.07408,17.7173797386,228.57682236,0.0389297386386,-0.497257640308
762.74523,17.68328,229.2412,-229.2412,17.7479966386,228.75186267,0.0647166386423,-0.489337329975
763.16702,17.7935,229.45465,-229.45465,17.7785717012,228.926244204,-0.0149282988491,-0.528405796483
763.58878,17.82324,229.6009,-229.6009,17.809105404,229.099975068,-0.0141345959697,-0.500924931938
764.0105,17.89805,229.8344,-229.8344,17.8395967818,229.273055085,-0.0584532182428,-0.561344914676
764.43219,17.88088,229.85967,-229.85967,17.8700463212,229.445492268,-0.0108336788328,-0.414177732018
764.85384,17.87634,230.11043,-230.11043,17.9004530693,229.617286403,0.0241130692992,-0.493143596798
765.27545,17.9532,230.15268,-230.15268,17.9308168019,229.788441358,-0.022383198063,-0.364238642301
765.69703,17.95698,230.41782,-230.41782,17.9611380188,229.958965004,0.00415801879197,-0.458854996093
766.11857,17.99084,230.74103,-230.74103,17.9914157853,230.128857078,0.000575785260125,-0.612172921521
766.54008,18.03884,230.82311,-230.82311,18.0216506093,230.298125362,-0.0171893907477,-0.524984637763
766.96154,18.05771,230.96193,-230.96193,18.0518408522,230.466765565,-0.00586914776146,-0.495164435001
767.38298,18.12362,231.15513,-231.15513,18.0819884627,230.63479338,-0.0416315373102,-0.520336620022
767.80437,18.09616,231.20484,-231.20484,18.1120910989,230.802200505,0.0159310988904,-0.402639494996
768.22573,18.11228,231.34336,-231.34336,18.1421500001,230.968998536,0.0298700001278,-0.374361464216
768.64705,18.16445,231.49095,-231.49095,18.1721642668,231.135187113,0.00771426680313,-0.355762887191
769.06833,18.2271,231.76031,-231.76031,18.2021337188,231.300769827,-0.0249662811836,-0.459540173281
769.48958,18.27119,232.01665,-232.01665,18.2320588905,231.465754148,-0.039131109467,-0.550895851679
769.91079,18.20377,232.03601,-232.03601,18.261938899,231.630139672,0.0581688990432,-0.405870327578
770.33196,18.25354,232.14087,-232.14087,18.2917735778,231.793929902,0.038233577779,-0.34694009764
770.7531,18.30043,232.24986,-232.24986,18.3215634714,231.957132181,0.0211334714197,-0.292727818761
771.17419,18.25526,232.52502,-232.52502,18.3513070074,232.119742205,0.0960470073905,-0.40527779512
771.59526,18.43149,232.53583,-232.53583,18.3810061496,232.281774956,-0.0504838503843,-0.254055043784
772.01628,18.39436,232.90558,-232.90558,18.4106586312,232.443222261,0.0162986312134,-0.462357738944
772.43727,18.51116,232.95713,-232.95713,18.4402657156,232.604095152,-0.0708942844402,-0.35303484834
772.85822,18.43572,232.99959,-232.99959,18.4698265567,232.764393122,0.0341065567096,-0.23519687779
773.27913,18.47371,233.17387,-233.17387,18.4993410176,232.924119481,0.0256310175722,-0.2497505189
773.7,18.47629,233.39823,-233.39823,18.528808965,233.08327751,0.0525189650418,-0.314952490205
774.12084,18.48245,233.5619,-233.5619,18.5582309685,233.241874225,0.0757809685454,-0.320025774858
774.54164,18.57565,233.85556,-233.85556,18.5876062021,233.399909067,0.011956202085,-0.455650932503
774.9624,18.63181,233.92319,-233.92319,18.6169503418,233.557370816,-0.0148596581739,-0.365819184248
775.38313,18.62006,234.10995,-234.10995,18.646338794,233.714198135,0.0262787940099,-0.395751865182
775.80381,18.68777,234.34932,-234.34932,18.6756792552,233.87046968,-0.0120907448038,-0.478850319762
776.22446,18.74223,234.24098,-234.24098,18.7049730106,234.02619601,-0.0372569893968,-0.214783990342
776.64507,18.71364,234.49497,-234.49497,18.7342192562,234.181376505,0.0205792561667,-0.313593495167
777.06565,18.80873,234.70284,-234.70284,18.7634185831,234.336017914,-0.0453114169061,-0.366822085901
777.48618,18.75062,234.67178,-234.67178,18.7925695038,234.490115937,0.0419495038429,-0.181664063384
777.90668,18.89869,234.92838,-234.92838,18.8216733092,234.643680929,-0.0770166907553,-0.28469907057
778.32714,18.86019,235.03128,-235.03128,18.8507292134,234.796712226,-0.00946078657908,-0.234567774163
778.74756,18.90703,235.41786,-235.41786,18.8797371276,234.949212806,-0.0272928724134,-0.468647194491
779.16795,18.95181,235.49933,-235.49933,18.9086976546,235.101189233,-0.0431123453696,-0.398140766839
779.58829,18.94528,235.62257,-235.62257,18.9376093346,235.25263721,-0.00767066544118,-0.369932789525
780.0086,18.97773,235.72814,-235.72814,18.966473464,235.403566852,-0.0112565359742,-0.324573148108
780.42887,19.06025,235.93113,-235.93113,18.9952892789,235.553977434,-0.0649607211275,-0.377152566462
780.8491,19.0925,236.16294,-236.16294,19.0240567064,235.703871817,-0.0684432935693,-0.459068182548
781.26929,19.05856,236.04783,-236.04783,19.0527756771,235.853252843,-0.00578432287838,-0.194577157243
781.68944,19.06105,236.28949,-236.28949,19.0814461244,236.002123326,0.0203961244126,-0.287366674131
782.10956,19.06187,236.54321,-236.54321,19.1100686655,236.150489586,0.0481986655215,-0.392720413626
782.52963,19.06579,236.66979,-236.66979,19.1386418773,236.298347333,0.0728518772883,-0.371442667083
782.94967,19.23498,236.84411,-236.84411,19.1671670625,236.445706355,-0.0678129375402,-0.398403645143
783.36967,19.29042,236.87566,-236.87566,19.1956434855,236.592565854,-0.0947765144917,-0.283094145611
783.78963,19.2383,237.07415,-237.07415,19.2240710945,236.738928538,-0.0142289055102,-0.335221462296
784.20955,19.21568,237.24909,-237.24909,19.2524498403,236.88479709,0.0367698402559,-0.364292910484
784.62944,19.24304,237.3286,-237.3286,19.2807803506,237.03017763,0.0377403505755,-0.298422370051
785.04928,19.29872,237.43907,-237.43907,19.3090612323,237.175065877,0.0103412323458,-0.264004123276
785.46909,19.32498,237.70278,-237.70278,19.3372937918,237.319471354,0.0123137917866,-0.383308646473
785.88885,19.40051,237.7934,-237.7934,19.3654766455,237.463389782,-0.0350333544793,-0.330010218354
786.30858,19.40029,237.85051,-237.85051,19.3936111006,237.606830599,-0.00667889940543,-0.243679401306
786.72827,19.40847,238.11299,-238.11299,19.4216964519,237.749792931,0.0132264518536,-0.363197069323
787.14792,19.43006,238.1991,-238.1991,19.4497326686,237.892279318,0.0196726686265,-0.306820682337
787.56753,19.53379,238.3403,-238.3403,19.4777197227,238.03429228,-0.0560702772673,-0.306007720208
787.9871,19.51394,238.50731,-238.50731,19.5056575884,238.175834317,-0.00828241155389,-0.331475682539
788.40663,19.53218,238.5572,-238.5572,19.5335462425,238.316907912,0.00136624246033,-0.240292088491
788.82612,19.54824,238.83705,-238.83705,19.5613856639,238.457515523,0.0131456638529,-0.379534476599
789.24557,19.58714,238.94691,-238.94691,19.5891758341,238.597659595,0.00203583405141,-0.349250404594
789.66499,19.68147,239.10051,-239.10051,19.6169173977,238.737345876,-0.0645526023304,-0.363164124081
790.08436,19.65194,239.21003,-239.21003,19.6446090179,238.876570108,-0.00733098212145,-0.333459891528
790.50369,19.66119,239.31711,-239.31711,19.6722513449,239.015338015,0.0110613449347,-0.301771985393
790.92299,19.6693,239.52238,-239.52238,19.6998450269,239.153655255,0.0305450268603,-0.368724744891
791.34224,19.70808,239.5865,-239.5865,19.7273887402,239.291517581,0.0193087401502,-0.294982418566
791.76146,19.80348,239.78814,-239.78814,19.7548837936,239.428933901,-0.0485962064196,-0.359206098893
792.18063,19.80919,239.956,-239.956,19.7823288724,239.565899971,-0.0268611276285,-0.390100028821
792.59977,19.77633,240.08374,-240.08374,19.8097252851,239.702424622,0.0333952850538,-0.381315378124
793.01886,19.81958,240.15865,-240.15865,19.8370717255,239.838503616,0.0174917254518,-0.320146383912
793.43792,19.88019,240.21979,-240.21979,19.8643695017,239.974145708,-0.0158204982751,-0.245644292174
793.85693,19.91955,240.52422,-240.52422,19.8916173162,240.109346666,-0.0279326838181,-0.414873333942
794.27591,19.97361,240.49691,-240.49691,19.9188164765,240.24411517,-0.0547935235092,-0.252794830352
794.69484,19.98024,240.71681,-240.71681,19.9459656933,240.378446994,-0.034274306673,-0.33836300613
795.11374,19.99267,240.74666,-240.74666,19.9730662737,240.512350743,-0.01960372625,-0.23430925651
795.53259,19.98439,240.97718,-240.97718,20.0001169367,240.6458222,0.015726936687,-0.331357799685
795.9514,20.06843,241.00028,-241.00028,20.0271183443,240.778866724,-0.0413116556843,-0.221413275759
796.37018,20.09077,241.20359,-241.20359,20.0540711562,240.911489619,-0.0366988438172,-0.292100380775
796.78891,20.07136,241.48177,-241.48177,20.0809741034,241.043686677,0.00961410338203,-0.438083322711
797.2076,20.1178,241.53396,-241.53396,20.1078278501,241.17546318,-0.00997214985402,-0.35849682009
797.62626,20.17336,241.64375,-241.64375,20.134633058,241.306824354,-0.038726942002,-0.336925646329
798.04487,20.20589,241.63614,-241.63614,20.16138847,241.437766001,-0.0445015300479,-0.198373998724
798.46344,20.24372,241.90773,-241.90773,20.1880947521,241.568293328,-0.0556252479418,-0.339436672428
798.88197,20.26496,242.02885,-242.02885,20.2147519312,241.698408379,-0.0502080687846,-0.330441620578
799.30046,20.21921,242.22011,-242.22011,20.241360036,241.828113188,0.0221500359658,-0.391996811653
799.71891,20.18403,242.29825,-242.29825,20.2679190965,241.957409771,0.0838890964694,-0.340840229333
