wavelength_nm,noiseless_R,observed_R,fitted_R,residual_R
420,0.0676700124832,0.0660837675328,0.0671600832036,0.00107631567075
424.04494382,0.0646168859977,0.0650980285648,0.0641284431133,-0.000969585451493
428.08988764,0.0617273766126,0.0579347239134,0.0612623885834,0.00332766466998
432.134831461,0.0590095260953,0.0618010695156,0.0585697089786,-0.00323136053699
436.179775281,0.0564696731956,0.0577462626774,0.0560564962894,-0.00168976638804
440.224719101,0.054112553671,0.0535284587006,0.0537272468233,0.000198788122696
444.269662921,0.0519414049407,0.0513175062843,0.0515849673368,0.000267461052483
448.314606742,0.0499580740196,0.0505657447552,0.049631284253,-0.000934460502158
452.359550562,0.0481631274262,0.0476278068218,0.0478665546489,0.000238747827129
456.404494382,0.0465559618099,0.0461041440875,0.0462899777592,0.000185833671622
460.449438202,0.0451349141279,0.0465750497679,0.044899705828,-0.0016753439399
464.494382022,0.0438973702961,0.0449267807077,0.0436929532408,-0.00123382746688
468.539325843,0.0428398713472,0.042711615476,0.0426661029784,-4.55124975435e-05
472.584269663,0.0419582162502,0.0417872631238,0.0418148095613,2.75464374591e-05
476.629213483,0.0412475606652,0.0415693933105,0.0411340977713,-0.000435295539215
480.674157303,0.0407025110345,0.0394744742454,0.0406184565688,0.00114398232338
484.719101124,0.0403172135321,0.0395097130028,0.0402619277441,0.000752214741233
488.764044944,0.0400854375119,0.0411819578723,0.0400581889598,-0.0011237689125
492.808988764,0.0400006532046,0.0397396876183,0.040000630954,0.000260943335714
496.853932584,0.0400561035194,0.037307251168,0.0400824287732,0.00277517760518
500.898876404,0.0402448698939,0.0392903124547,0.0402966069978,0.00100629454311
504.943820225,0.0405599322217,0.0418731754323,0.0406360990024,-0.00123707642994
508.988764045,0.0409942229568,0.0405296574127,0.0410938003654,0.000564142952706
513.033707865,0.0415406755549,0.0412432099345,0.0416626165984,0.000419406663975
517.078651685,0.0421922674606,0.0434759407169,0.0423355054173,-0.00114043529958
521.123595506,0.04294205789,0.0465912784999,0.0431055138128,-0.00348576468707
525.168539326,0.0437832206896,0.0423568433458,0.0439658102093,0.0016089668635
529.213483146,0.0447090725704,0.0474054861973,0.0449097120203,-0.00249577417695
533.258426966,0.045713097037,0.0432530714863,0.0459307089213,0.00267763743495
537.303370787,0.0467889643316,0.0471389195771,0.0470224821688,-0.000116437408357
541.348314607,0.0479305477204,0.0455914886814,0.0481789202935,0.00258743161211
545.393258427,0.0491319364428,0.0518348528118,0.0493941314918,-0.00244072131994
549.438202247,0.0503874456393,0.0520552916327,0.0506624530322,-0.00139283860056
553.483146067,0.0516916235612,0.0539670571305,0.0519784579801,-0.00198859915042
557.528089888,0.0530392563531,0.051268190044,0.0533369595345,0.00206876949045
561.573033708,0.0544253706844,0.0557944807353,0.0547330132487,-0.00106146748657
565.617977528,0.0558452344881,0.0548072078284,0.0561619173967,0.00135470956824
569.662921348,0.0572943560508,0.0563795854285,0.0576192117229,0.00123962629436
573.707865169,0.0587684816758,0.0597815558346,0.0591006748013,-0.000680881033239
577.752808989,0.0602635921271,0.0620170284721,0.0606023202063,-0.00141470826577
581.797752809,0.0617758980439,0.0621847384747,0.0621203916831,-6.43467915961e-05
585.842696629,0.0633018344948,0.0620458602928,0.0636513574883,0.00160549719548
589.887640449,0.0648380548297,0.0631864217879,0.0651919040522,0.00200548226425
593.93258427,0.066381423966,0.0692700580177,0.0667389291016,-0.00253112891609
597.97752809,0.0679290112363,0.0691169030577,0.0682895343651,-0.000827368692613
602.02247191,0.069478082905,0.0709175387778,0.0698410179691,-0.00107652080875
606.06741573,0.0710260944538,0.0753930707393,0.0713908666204,-0.00400220411888
610.112359551,0.0725706827201,0.0709389568228,0.0729367476591,0.00199779083629
614.157303371,0.074109657962,0.0792285735588,0.0744765010541,-0.00475207250468
618.202247191,0.0756409959155,0.0819428121826,0.0760081314034,-0.00593468077924
622.247191011,0.0771628298978,0.0803996561384,0.0775297999933,-0.00286985614506
626.292134831,0.0786734430032,0.0803276560663,0.0790398169618,-0.00128783910448
630.337078652,0.0801712604307,0.0788436165209,0.0805366336027,0.00169301708176
634.382022472,0.0816548419768,0.0836438132324,0.082018834843,-0.00162497838938
638.426966292,0.0831228747176,0.0822374904194,0.0834851319186,0.00124764149922
642.471910112,0.0845741659036,0.084530864324,0.0849343552673,0.000403490943307
646.516853933,0.0860076360824,0.0854267697276,0.0863654476569,0.00093867792929
650.561797753,0.0874223124615,0.0879899723745,0.0877774575571,-0.000212514817327
654.606741573,0.0888173225209,0.0913934779518,0.0891695327661,-0.00222394518567
658.651685393,0.0901918878803,0.0890807197646,0.0905409142944,0.00146019452975
662.696629213,0.0915453184246,0.0895745107574,0.0918909305102,0.00231641975281
666.741573034,0.0928770066876,0.0908710935841,0.0932189915457,0.00234789796159
670.786516854,0.0941864224937,0.0922498678393,0.0945245839625,0.00227471612321
674.831460674,0.0954731078542,0.0926109018866,0.0958072656732,0.00319636378665
678.876404494,0.0967366721139,0.0949108039641,0.0970666611152,0.00215585715119
682.921348315,0.0979767873438,0.100563318577,0.09830245667,-0.00226086190683
686.966292135,0.0991931839716,0.0980065600351,0.0995143963221,0.00150783628697
691.011235955,0.100385646646,0.100899861962,0.100702277551,-0.000197584410514
695.056179775,0.101554010324,0.0991202223916,0.101865947448,0.00274572505622
699.101123596,0.102698156577,0.103037457737,0.103005299048,-3.21586888468e-05
703.146067416,0.103818010107,0.10033644721,0.104120267876,0.00378382066557
707.191011236,0.104913535457,0.103516023662,0.105210828682,0.00169480502005
711.235955056,0.105984733921,0.110493811775,0.106276992383,-0.00421681939238
715.280898876,0.107031640635,0.105865701253,0.107318803174,0.00145310192124
719.325842697,0.108054321842,0.110294274613,0.108336335825,-0.00195793878812
723.370786517,0.109052872327,0.109962980577,0.109329693135,-0.000633287442892
727.415730337,0.110027413008,0.109721441454,0.110299003551,0.000577562097465
731.460674157,0.11097808868,0.109673875037,0.111244418937,0.00157054389975
735.505617978,0.111905065902,0.114478884698,0.112166112479,-0.00231277221906
739.550561798,0.11280853102,0.112453764101,0.113064276735,0.000610512634246
743.595505618,0.113688688319,0.116743537276,0.113939121803,-0.00280441547226
747.640449438,0.114545758296,0.113107600236,0.114790873618,0.00168327338228
751.685393258,0.115379976046,0.115494654021,0.115619772357,0.000125118336027
755.730337079,0.116191589761,0.117122588015,0.116426070954,-0.00069651706039
759.775280899,0.116980859328,0.117727179675,0.117210033721,-0.000517145953399
763.820224719,0.117748055024,0.115280452001,0.117971935054,0.00269148305309
767.865168539,0.118493456301,0.117165330836,0.118712058238,0.00154672740175
771.91011236,0.119217350656,0.11882539023,0.119430694334,0.000605304104134
775.95505618,0.119920032588,0.118212633969,0.120128141145,0.00191550717572
780,0.120601802615,0.121956452833,0.120804702255,-0.00115175057796
