thickness_nm,mean_R
57.8726472554,0.0629331041891
60.6964226863,0.0641884249261
55.3816699273,0.0650753894945
54.7891298383,0.06605071071
56.4628076335,0.0637600444589
59.212864261,0.0630562338011
57.208861057,0.0631984797535
60.9948452345,0.0645384791089
58.6881926612,0.0629043285428
59.6134277953,0.0632605938883
58.6525639072,0.0628988178591
59.1769645771,0.0630416374671
59.0767777916,0.0630041561453
52.8289805638,0.0705710366291
58.663112505,0.0629003854094
60.2162218288,0.0637101480151
57.9105201949,0.062924550063
59.3291718649,0.0631077366632
56.4557470277,0.0637667018294
56.9226416183,0.0633807752003
60.8488499701,0.0643622036508
54.0847214664,0.0674461142145
58.2738703384,0.0628783297834
56.1832577428,0.0640429716065
58.4655663457,0.0628799830475
56.2669121394,0.0639541414634
60.9306118428,0.0644597418948
62.6286420867,0.0671510038963
58.8334278578,0.0629331363893
62.2276844134,0.0664030949899
54.2049821582,0.0671897029774
59.07894335,0.0630049155951
55.5038941611,0.0648966955202
57.8175383198,0.0629468157844
57.7507151822,0.0629654550701
62.5434270821,0.0669863677582
58.3644119918,0.0628768777604
58.321927686,0.062877060717
57.4641032291,0.0630705046987
62.6073804487,0.0671096405787
57.5039856249,0.0630534428022
59.0920425345,0.0630095572232
60.149097947,0.0636517295628
59.0699566501,0.0630017786682
61.9934462796,0.0659978541062
56.7277323029,0.0635284947156
54.1500051137,0.0673059916284
55.5959717448,0.0647671430113
58.3920312172,0.0628772309703
57.4276230595,0.0630868046106
60.8274242381,0.0643371421147
60.7077453684,0.0642009719112
60.2772550174,0.063765070568
58.6134448603,0.0628934749719
62.2149649375,0.0663804862044
56.3771238528,0.0638425437363
59.3395601153,0.0631126495194
57.1961666907,0.0632056943269
60.1860732679,0.0636836519865
57.5149071831,0.0630489085507
55.7334103257,0.0645818572277
57.2338866161,0.0631844932112
57.3088192314,0.0631444869253
56.8546922575,0.0634300993645
58.3564684183,0.0628768450411
58.9805194949,0.0629726667498
60.4923922482,0.0639723242346
55.6902397472,0.0646390140984
57.9901649231,0.0629088678211
61.4106975168,0.0650928260408
57.4228983756,0.0630889641663
60.0596221728,0.0635770992745
59.5136000614,0.0632025620944
56.7100218995,0.063542866909
58.4010877109,0.0628774277323
58.6928010608,0.0629050861649
60.6643693626,0.0641532212274
57.3618099244,0.0631178885939
60.4177365284,0.0638979993218
57.4985818306,0.0630557082133
61.5614106025,0.0653126516301
57.394073581,0.0631023803876
57.6013399702,0.063015116177
55.700862512,0.0646248612292
58.5998432987,0.0628917909422
58.5936060141,0.0628910486798
59.3181491454,0.0631025797778
57.1758158389,0.0632174286401
59.3960484748,0.0631402603522
55.5291178326,0.0648607732342
61.5085314905,0.0652343851997
59.4020692524,0.0631432924448
57.4098561303,0.0630949832492
57.834894599,0.0629423355991
55.8519034135,0.0644298792761
55.4258168292,0.0650099604113
58.7135980383,0.0629086328973
59.9454558562,0.0634872692425
54.6289677694,0.0663454399701
61.5545465903,0.0653024228203
55.8695860479,0.0644078157501
59.6102900329,0.0632586983725
59.0333957984,0.0629894150656
55.8985913978,0.0643719705088
55.9333600166,0.0643295696253
58.4518269296,0.0628792688989
56.7411997965,0.0635176716986
56.9945053252,0.0633311374734
57.9299568702,0.0629204346638
59.3457224779,0.0631155880559
55.7702221509,0.0645338732274
59.8995872488,0.0634528860904
57.721971559,0.0629741521132
54.087327765,0.0674404778367
57.2970990382,0.0631505591628
58.716759508,0.0629091903594
57.6023590081,0.0630147399019
58.4839041612,0.0628810792584
58.0412884959,0.0629004468571
57.9500147794,0.0629163829295
57.0203453806,0.0633139237638
58.4386237448,0.0628786691631
58.2200062236,0.0628810938734
58.3511489701,0.0628768403358
59.3432017827,0.0631143838784
57.7147673217,0.0629763960272
59.2969634061,0.0630928302671
56.9340983793,0.0633726877481
58.187975952,0.0628834106562
63.7482446064,0.0695925628363
58.7196367242,0.0629097018965
56.8825423565,0.0634096019344
59.6075280871,0.0632570337217
57.9520130916,0.0629159901238
57.279826174,0.0631596333485
58.6008873637,0.0628919170327
59.5692242331,0.0632343180046
59.9393538944,0.0634826386753
55.6496052458,0.0646936857696
56.2204384002,0.064003050864
59.2816738815,0.0630859266591
58.4579224095,0.062879574397
56.7520262616,0.0635090375048
62.6711864313,0.0672343406894
57.1628659599,0.063225003528
59.5781618181,0.063239556529
59.0759689003,0.0630038730468
58.910624648,0.0629525861315
58.9086048685,0.0629520407346
54.1819078689,0.0672383195991
56.9364535198,0.0633710334117
56.7924460527,0.0634773250211
53.5414407683,0.068697840016
61.0846514176,0.0646516663427
58.7726975912,0.062919852186
58.3219904129,0.0628770597976
57.6498433931,0.0629977780221
58.202370321,0.0628823073508
55.1262487296,0.0654736245735
59.6804898135,0.0633022130534
57.6756740627,0.0629890207334
54.9024673123,0.0658501539878
57.5748215961,0.06302508927
58.4335652615,0.062878461868
57.8735343418,0.0629328957354
58.8809654203,0.0629447743524
58.8659593754,0.0629409831613
59.5141021555,0.0632028422109
58.3136537083,0.0628771988281
55.248176858,0.0652793337624
58.3153928678,0.0628771670233
60.2379500597,0.0637295039515
60.9422344507,0.0644738514737
58.9609127621,0.0629667971251
55.7506942258,0.0645592413472
55.8178787067,0.064472783579
55.7345991558,0.0645802967507
58.990685784,0.062975782805
55.8301662714,0.0644572209483
57.3720557439,0.0631129074603
56.4471030985,0.0637748865226
59.0380398606,0.0629909500457
56.9950638801,0.0633307618368
57.8123744033,0.062948177476
57.7802524736,0.0629569438047
57.6606495568,0.0629940741941
52.2222462427,0.0723730227404
57.802214109,0.0629508951513
60.180569523,0.063678860335
60.1619419719,0.0636627467383
63.0236122135,0.0679536829168
61.8961380922,0.0658364499864
58.8620497658,0.0629400132115
55.369682966,0.0650933280322
59.3477837255,0.0631165749886
56.5270945597,0.0637005916279
57.3609455616,0.0631183112104
58.190728029,0.0628831918683
56.2017198121,0.0640230609806
56.1030330327,0.0641315072125
55.0681362326,0.06556892111
58.3064819115,0.062877345585
57.2254456354,0.0631891757713
59.4567495743,0.0631716155419
60.2324187584,0.0637245558968
61.4922478563,0.0652105313623
60.4124766671,0.0638928590031
57.7776279826,0.0629576825918
57.0293935599,0.063307975483
56.9537785085,0.0633589494639
60.810315245,0.0643172786851
57.2055058519,0.0632003787709
61.9751867977,0.0659672555671
59.2063647894,0.063053545664
57.021949592,0.0633128661549
58.6698166156,0.062901409642
57.4507949292,0.0630763742566
56.8599383824,0.0634262083967
56.7980324184,0.0634730069054
56.9405988943,0.0633681283278
57.4215189675,0.0630895967633
56.9252319588,0.0633789408727
59.1667246201,0.063037586676
58.5773486889,0.0628892026375
57.0848370554,0.0632724244798
58.0691048506,0.062896404768
60.8970395261,0.0644193272306
56.1672159241,0.0640604130129
58.5660693556,0.0628879971638
59.3630380809,0.0631239414895
57.9350471802,0.0629193876416
57.8369192754,0.0629418226598
59.3346011525,0.0631102979149
60.3045532427,0.0637901911151
59.9361132079,0.0634801864813
61.0355596311,0.0645893457739
58.0691617043,0.0628963968957
57.935611793,0.0629192722934
60.6107691878,0.0640953959582
55.3453784206,0.0651299266524
55.1044299964,0.065509200246
59.264494645,0.0630783024037
55.19114871,0.0653692542925
58.451494473,0.0628792527564
59.4908351084,0.0631899866719
59.8601352082,0.063424097669
56.3526945832,0.0638667478171
54.2816608267,0.0670301244859
60.7979656741,0.0643030230991
60.6774202024,0.0641674984781
62.2790235468,0.0664950516251
57.114146249,0.063254254293
57.2570235741,0.0631718409122
55.5645594798,0.0648108508604
62.7574655004,0.0674056712177
60.523480035,0.0640040259046
57.5787616623,0.06302358539
58.40146621,0.0628774368256
57.342266262,0.0631275352467
58.6563381605,0.0628993725368
59.8746983888,0.0634346399405
59.9415186548,0.0634842794521
57.8089368682,0.0629490912374
53.2025420957,0.0695561092863
54.001690324,0.0676275190088
60.3975250268,0.0638783164368
57.0387266787,0.0633018829607
53.6954508219,0.0683274671697
63.2057187078,0.0683454868434
57.139314303,0.0632389951433
55.5801716627,0.0647890643805
60.8032831618,0.0643091528305
60.672703286,0.0641623293783
57.7002882222,0.062980983598
57.5024916478,0.0630540676632
60.6155323338,0.0641004816656
56.3328035271,0.0638866794182
57.0309655693,0.063306946235
57.3902012007,0.0631042143116
62.2042983332,0.0663615796629
57.8836543621,0.0629305451454
57.9617643773,0.0629141015423
60.7798109646,0.064282191598
60.2511684408,0.0637413856615
58.0418515171,0.0629003612723
58.5571789086,0.0628870904949
57.4633486386,0.0630708351484
56.1297037665,0.0641017096246
57.1267583587,0.0632465680009
57.8384460251,0.0629414372061
59.6210105993,0.0632651937743
59.4353405044,0.0631603575824
60.4101902595,0.0638906285136
60.7718112897,0.0642730597397
57.3398987602,0.063128716779
55.2545663129,0.0652693633351
61.5975663847,0.0653668725357
52.8788295993,0.0704314301418
60.1922643346,0.0636890587545
61.0307688642,0.0645833218356
62.5585030239,0.0670152723158
59.1046922457,0.0630141174474
56.6341453618,0.063606235431
57.7599523675,0.0629627469638
57.6331802781,0.0630036028355
59.6070726354,0.0632567595616
58.9358855776,0.0629595728474
58.6959745921,0.0629056138643
59.0145688653,0.062983298116
56.599793382,0.0636358818277
58.2719248069,0.0628784049243
60.3151231247,0.0638000098911
58.3473286165,0.0628768454729
55.8704975562,0.0644066827483
58.2897589293,0.0628777853685
59.8776612683,0.0634367968862
59.3149838573,0.0631011095885
57.8251843992,0.0629448237594
60.7682733622,0.0642690303285
57.8667774296,0.0629344933077
59.1245783427,0.0630214409947
60.4755947971,0.0639553788745
62.38826764,0.0666944588046
56.5264002043,0.0637012225825
56.3456947713,0.0638737389755
58.8529277687,0.0629377787057
56.8648866533,0.0634225510485
59.9406998203,0.0634836585611
57.4453819539,0.063078786856
56.511283465,0.0637150195744
61.2917942481,0.0649264728505
59.2075937896,0.0630540524269
55.8712167506,0.0644057890919
59.8654583003,0.0634279395682
57.4819875483,0.0630627557888
58.0135683247,0.0629048533235
59.024418699,0.062986477189
58.5117238349,0.062883054388
53.334870725,0.0692139057759
58.7929634331,0.0629240874993
59.8694428084,0.0634308240128
60.2737852567,0.0637619021771
59.0006275895,0.0629788779828
58.2571784884,0.0628790346226
62.8867602124,0.0676682291956
57.9936596217,0.0629082512424
57.1490171701,0.0632331971803
60.2116988838,0.0637061462768
57.4211287216,0.0630897759023
56.151789236,0.0640773092506
58.8951518022,0.0629484580573
57.757208868,0.0629635468803
63.0529436885,0.0680158698924
56.1063951435,0.0641277309583
58.618546397,0.0628941297168
56.2505869245,0.0639711970708
59.0860855745,0.0630074362326
60.0282983518,0.0635518497159
57.8903995788,0.0629290064878
58.1614593031,0.0628857088128
61.5397442607,0.0652804346788
56.4339967195,0.0637873688835
59.887197118,0.0634437666964
61.452753047,0.0651531605545
55.9074486299,0.0643611103279
59.025667167,0.0629868834561
57.6689951822,0.0629912533445
55.5737065881,0.0647980710875
59.8209689709,0.0633962367432
59.9387593648,0.0634821884345
57.8000695728,0.0629514752928
60.4876010116,0.0639674776597
57.9375376885,0.0629188800225
60.478894514,0.0639586974649
56.3444136433,0.0638750212144
57.8291596106,0.062943799513
57.3246632002,0.0631363872265
61.2753506212,0.0649039602337
57.0133474356,0.0633185524196
55.6588887791,0.0646811206522
62.8312319431,0.0675546167866
60.0068729548,0.0635348414916
59.3013817934,0.0630948459746
57.7476876482,0.0629663518523
61.032379273,0.0645853456256
57.4509171431,0.0630763199535
56.5192875887,0.0637076998182
59.817077532,0.0633935077227
54.9395763458,0.0657859285979
55.9904920967,0.0642612373408
56.955484476,0.0633577677389
55.6557276271,0.0646853942613
62.2446355446,0.0664333328749
53.1646495475,0.0696557694204
54.5387231937,0.0665173482063
58.6234712686,0.0628947737484
58.7684559751,0.0629189908107
60.6835049073,0.0641741814088
58.7231794028,0.0629103372393
57.1604534333,0.0632264239909
60.7581891684,0.0642575763382
55.6640462663,0.0646741591638
59.160729443,0.06303523828
57.4891097807,0.0630597141976
59.4368346015,0.0631611362141
58.1075007339,0.0628914496732
58.9780138717,0.0629719063687
60.8806077121,0.0643997314571
58.0586174881,0.0628978840737
56.7842964666,0.0634836526695
57.1120677911,0.0632555286376
58.0603635067,0.0628976340381
63.7756278508,0.0696586378066
61.1391992658,0.0647221772851
58.6565077943,0.0628993976286
57.9962318491,0.0629078012574
58.097344788,0.0628926899235
59.7979355796,0.0633801868012
58.9119995235,0.0629529585079
56.9934807635,0.0633318269142
60.1872601162,0.0636846871104
59.266641397,0.0630792474718
59.9256854733,0.0634723291215
55.3432061018,0.0651332125933
59.7540394516,0.0633502869591
59.2586772019,0.0630757524017
56.4367282537,0.0637847602143
60.1309075791,0.0636362570331
55.4024881994,0.0650444104104
57.8160119401,0.0629472169092
57.7352523369,0.0629700828825
60.9266130103,0.0644549014527
61.1765795403,0.0647712636367
55.7558735793,0.0645524939843
58.7498292758,0.0629153109262
62.9457745027,0.0677903752414
56.3884382045,0.0638314363637
59.4854396875,0.0631870421121
56.8425510237,0.0634391575051
58.9790992057,0.0629722353651
60.1863726127,0.0636839130023
59.3612832508,0.0631230884432
58.6111614968,0.0628931860038
56.2327606517,0.0639899757511
60.6146086415,0.0640994946137
60.543906851,0.0640250963261
59.7831732368,0.0633700307495
58.2242191508,0.0628808265206
56.7554118514,0.0635063496122
59.6899572065,0.0633082588338
56.383662609,0.0638361166696
56.2249537134,0.0639982507057
58.1691847746,0.062885003693
59.8567122799,0.0634216341875
54.7877377319,0.0660532153553
55.2821294444,0.0652265932626
59.6301298205,0.0632707615169
58.054088175,0.0628985396688
57.8250816695,0.062944850332
58.514250885,0.062883252434
57.7596540399,0.0629628337661
58.1396552066,0.0628878567198
57.5420849986,0.0630378827453
55.8048666372,0.0644893480415
56.1837163978,0.0640424748627
60.8164398456,0.064324374112
59.2111649435,0.0630555290317
56.2813275452,0.0639391938039
57.8729178781,0.0629330405552
60.6247592796,0.0641103628312
56.9109289476,0.0633891115792
60.2619637869,0.0637511491037
56.5409030649,0.0636880946854
61.1995067728,0.0648016789616
57.9784418181,0.0629109800597
55.1269051249,0.0654725581151
59.0324270043,0.0629890961567
57.861627473,0.0629357260708
60.0059817698,0.0635341386582
61.6210982964,0.0654024699723
57.036557733,0.063303294915
55.873046935,0.0644035161345
58.9649596577,0.0629679935291
55.5913450009,0.0647735489937
56.9004322302,0.0633966411807
56.378959367,0.0638407373831
54.4168079637,0.0667562758088
54.8096016569,0.066013993884
59.6330976658,0.0632725819735
56.6735650094,0.0635729508407
57.9349946366,0.062919398384
60.4536078633,0.0639333933421
56.8964414807,0.0633995184131
57.2062334622,0.0631999664713
59.9988049968,0.0635284921494
58.3882418275,0.0628771605017
58.343109171,0.0628768594215
56.8548887476,0.063429953381
58.3812119411,0.062877048306
57.5000829605,0.0630550774432
60.1482112306,0.0636509717824
58.4177908607,0.0628778954304
58.084195767,0.062894370903
60.4374543757,0.0639173818641
60.6743094891,0.0641640884244
58.2173739095,0.0628812653295
60.4536527751,0.0639334380255
53.5952558085,0.06856702546
57.7656834023,0.0629610879918
56.8485537201,0.0634346698248
59.8208614058,0.0633961612139
59.3657785348,0.063125276582
56.560304411,0.0636706992844
54.8128909692,0.066008114586
56.4715703017,0.0637518173876
62.6555626387,0.0672036483382
60.8752157353,0.0643933277629
55.9088684321,0.0643593731847
62.1466755545,0.0662602847991
57.340714401,0.063128309407
56.0451738937,0.0641973965307
58.6522814594,0.0628987766268
58.9279557633,0.0629573465934
61.091854966,0.064660901763
59.4351024567,0.0631602336241
57.4899469236,0.0630593583488
61.3103013543,0.0649519540201
57.6825379019,0.0629867493316
58.9136716557,0.0629534126186
58.7530661173,0.0629159383745
56.9312664905,0.0633746806647
56.3983746145,0.063821735327
57.205254599,0.0632005212047
59.1680072816,0.0630380913396
53.5122584359,0.0687694043542
60.5157503422,0.0639961023408
56.7799804317,0.0634870173723
61.1718580164,0.0647650291332
59.0632735323,0.0629994708873
56.9240940041,0.0633797462898
57.903808338,0.062926014451
61.3539545887,0.0650126584934
56.9675657113,0.063349440938
57.1769264772,0.0632167828952
53.940421772,0.067763667475
59.0544764648,0.0629964657102
59.7037440344,0.0633171382237
57.6574381408,0.0629951688643
60.1422826726,0.063645914631
57.3226011109,0.0631374343043
59.6716142832,0.063296583462
58.2974229137,0.0628775668633
56.1734862488,0.0640535800242
60.3927277784,0.0638736721608
62.0263314698,0.0660533244133
58.8238292843,0.0629309185234
57.209893894,0.0631978963108
60.3984757901,0.0638792381357
60.5961821359,0.064079885309
59.7240207311,0.0633303594747
56.7894714223,0.063479630755
56.6166247596,0.0636212814487
56.628349209,0.0636111957581
56.3554588715,0.0638639938015
52.5252407684,0.0714494148192
58.2156965426,0.0628813763541
59.654822105,0.0632860337361
61.7945803422,0.0656723698128
55.6906224686,0.0646385031888
60.2343270653,0.0637262613886
60.6467548615,0.0641340741506
54.9021132652,0.0658507701674
59.0940206329,0.0630102652826
54.461813659,0.0666671789139
58.7003705702,0.062906352877
60.3353196454,0.0638189140971
59.808039964,0.0633871971038
57.5640371901,0.0630292450015
61.2380896592,0.064853391366
57.5758791214,0.0630246848671
59.3216717407,0.063104221521
63.043889587,0.0679966360982
58.4462839431,0.0628790067853
58.9376053859,0.0629600596598
60.0374407446,0.0635591721646
58.3444302253,0.0628768541203
57.7126629282,0.0629770563361
55.3771138673,0.0650821989542
59.0121523264,0.0629825252698
56.8420244175,0.0634395520678
56.6066777199,0.0636298926858
60.9762840875,0.0645155364715
57.7826912618,0.0629562603457
58.6501554282,0.062898467504
61.1187300039,0.0646955620105
59.533304144,0.0632136442308
59.4193343929,0.0631520824724
58.4538467985,0.0628793681297
56.6768140526,0.0635702424988
60.6486193017,0.0641360941369
57.0006612384,0.063327006186
56.2855615578,0.0639348235379
55.1549403794,0.0654272159047
59.6985698254,0.0633137953212
59.3881764365,0.0631363218662
58.8341971452,0.0629333160633
54.9263309718,0.0658087710871
60.9826286757,0.064523361347
57.7230475556,0.0629738191769
58.6575107151,0.0628995462631
59.7582887959,0.0633531419489
55.4860232926,0.0649223440311
59.5950336281,0.0632495480653
60.224590959,0.0637175776132
60.6008116965,0.0640847975024
57.5798664586,0.0630231650857
55.6304664164,0.0647197293206
58.0014849458,0.0629068923948
60.8461182687,0.0643589968738
56.3080125139,0.0639118023951
58.928668102,0.0629575453441
58.1353983386,0.0628883032578
57.9598482614,0.0629144689494
59.6243155602,0.0632672070985
56.2658600776,0.063955236508
57.8620596504,0.0629356221158
61.7104388227,0.065539824075
58.6776074032,0.0629026272087
57.1891639814,0.0632097086921
59.4026154815,0.0631435683782
60.225289379,0.0637181990884
57.9263434775,0.0629211856496
59.1899010246,0.0630468264491
59.5758368484,0.0632381901883
59.6422999687,0.0632782529429
60.3924697894,0.0638734226975
61.6971548419,0.0655191802676
58.9495638141,0.0629634839077
59.520717505,0.0632065440052
57.4990069471,0.0630555294668
55.2616485011,0.0652583364854
57.2160295898,0.0631944413033
58.225655385,0.0628807373623
58.4379462672,0.0628786406779
57.6595306754,0.0629944550049
59.559987629,0.0632289437775
54.8649803242,0.0659157551739
55.8013078364,0.0644938935106
56.5346011505,0.0636937860488
58.0433243815,0.0629001381193
61.4580997018,0.0651608869701
57.8726978928,0.0629330922796
55.2014937285,0.0653528182004
61.2395685574,0.064855386701
57.0227896717,0.063312312831
56.2312708734,0.0639915524452
58.8643065591,0.0629405722104
57.2185355423,0.0631930356212
56.6421931502,0.0635993763333
59.6153840152,0.0632617779818
57.3313249743,0.0631330190523
58.8468402899,0.0629363098125
58.633101082,0.0628960669942
57.6280933078,0.0630054084973
58.4915326891,0.0628815834362
57.9608331181,0.0629142798815
60.3366128075,0.0638201309008
60.2065834592,0.0637016317119
60.950448207,0.0644838594165
58.75536689,0.0629163874447
55.62519118,0.0647269407245
58.4915470539,0.0628815844122
53.6987600892,0.0683196437129
56.5467709721,0.0636828133653
56.6239524371,0.063614969833
59.5825873225,0.0632421643522
59.1529510093,0.0630322169182
55.8979807786,0.0643727206892
57.6581155043,0.0629949375469
62.1730013751,0.0663063865737
59.5353744598,0.0632148192724
55.0970134431,0.0655213488833
58.2984463572,0.0628775398559
61.1284333735,0.0647081555517
55.7894055165,0.0645091428084
56.9164460719,0.0633851762189
60.8393307975,0.0643510435586
57.5641179197,0.063029213678
56.9012199637,0.0633960741916
59.4227444419,0.0631538352901
57.5343153075,0.063040997353
57.1281378331,0.0632457321356
55.5300666291,0.0648594283801
56.3592955363,0.0638601778265
57.5762683688,0.0630245361569
56.6467835512,0.0635954786206
55.745813265,0.0645656125539
55.8394557137,0.0644455068162
57.9122978965,0.062924165926
56.0515539341,0.0641900472557
53.7471176953,0.0682059685357
57.1575654667,0.0632281282207
60.5086599481,0.0639888581039
58.707825166,0.0629076274277
61.0045717974,0.0645505634376
60.9034734278,0.0644270331195
59.8837898074,0.0634412714005
57.9617070843,0.0629141125018
57.0098782664,0.0633208561553
59.8724920224,0.0634330363904
57.7603736999,0.0629626244467
57.6548019221,0.0629960712899
59.4239003335,0.0631544306856
62.6977195932,0.067286698202
57.5560752011,0.0630323502047
63.4833650046,0.0689688748552
54.1221936304,0.0673654153407
61.3191208921,0.0649641504712
57.5011368577,0.0630546352688
58.7040179431,0.0629069731313
60.8938998953,0.0644155736608
57.8869022775,0.0629298014587
52.2908113656,0.0721598813521
58.7060509448,0.0629073216444
58.4854107036,0.0628811765857
61.7823829299,0.0656529645425
59.9132864714,0.0634630523435
59.9711939609,0.0635069917661
54.9946078977,0.0656919925106
58.2838465484,0.0628779735422
57.361652066,0.0631179657485
54.1571752573,0.0672907364182
58.5095506637,0.0628828865567
59.4265346952,0.0631557899991
57.3965485961,0.0631012121597
56.6921474078,0.06355753289
60.2289237909,0.0637214367298
59.7994916685,0.0633812632856
59.3307577031,0.0631084833313
56.4445738813,0.063777288534
57.508741629,0.0630514609812
61.9323100259,0.0658959701415
63.2009022904,0.0683349493718
57.163989838,0.0632243427993
59.505880055,0.063198270115
59.6775351575,0.0633003348588
57.670471136,0.0629907580605
57.6725698838,0.0629900556457
57.5767337957,0.0630243584413
58.3663550531,0.062876890448
56.9884589835,0.0633352137646
59.0250657847,0.0629866876656
55.7004845249,0.0646253638351
59.450399654,0.063168253817
60.9426738732,0.0644743861143
60.6310218114,0.0641170914608
60.6059689036,0.0640902810447
61.6741223057,0.0654835694422
57.9898631153,0.0629089213518
61.757123001,0.0656129835234
59.2747886883,0.0630828541127
57.3685296551,0.063114615802
54.9221165023,0.0658160581938
59.7138819332,0.0633237244439
53.2034021991,0.0695538557782
58.136287175,0.0628882092864
54.4898500873,0.0666122055386
57.108466978,0.0632577414959
60.0916505934,0.0636033874504
61.6900770035,0.0655082124946
59.6627080165,0.0632909715763
62.5293273553,0.0669594214703
57.1629965752,0.0632249267067
56.9385505494,0.0633695627302
60.0289715321,0.0635523875649
55.916147438,0.0643504834234
57.6667207849,0.0629920186756
55.4667849737,0.0649501384491
57.280072929,0.0631595026676
60.3496697915,0.0638324599464
56.6915080293,0.0635580604886
58.1840000706,0.0628837332865
58.7207561818,0.0629099020044
56.1601314834,0.0640681572664
58.2804169388,0.0628780905243
58.9095647836,0.0629522996941
59.6229401483,0.0632663685973
58.0109055866,0.062905296491
58.0309770446,0.0629020418599
60.4715421951,0.0639513099062
57.6332071912,0.0630035933166
62.1831515651,0.0663242408257
58.8490949434,0.0629368517746
56.1925229332,0.0640329577652
60.3692905002,0.0638511340306
54.1623071634,0.0672798341148
57.6888402892,0.0629846842887
57.6160409024,0.0630097378477
55.7294426128,0.0645870705488
54.4562404426,0.0666781552435
56.9638448474,0.0633519976638
58.9870602169,0.0629746658513
58.3560820892,0.0628768442346
58.1941621843,0.0628829240581
56.9699472873,0.0633478081338
57.073090682,0.0632798275812
58.1516848071,0.0628866428699
58.3296104238,0.0628769623978
59.7978850291,0.0633801518499
58.4932285846,0.062881699363
56.8701749568,0.0634186560107
60.023695745,0.0635481780228
58.1646542886,0.062885413653
56.2174386173,0.0640062456226
58.6552480406,0.0628992116208
60.7274926407,0.0642229935436
59.7826721139,0.0633696877819
56.1565388434,0.0640720942782
56.9819458531,0.0633396253094
56.6044964389,0.0636317877315
56.1552118804,0.0640735500998
56.7242573419,0.0635313021958
58.7427647369,0.0629139590602
58.6790131068,0.0629028500227
55.9253402038,0.0643392951017
58.5421065492,0.0628856410099
58.8459589543,0.0629360986269
59.2870964416,0.0630883623656
58.598969434,0.0628916858129
58.9752906693,0.0629710833739
60.9386710881,0.0644695191759
59.1835502939,0.0630442691144
59.6902919854,0.0633084733907
56.5735425586,0.0636589392477
60.1431768939,0.0636466763743
56.1535125162,0.0640754157955
55.7563477282,0.0645518769767
60.3244155144,0.0638086843967
57.9578768254,0.0629148488509
58.3889824126,0.0628771737237
56.6493840263,0.0635932752828
58.4472921041,0.0628790533463
58.9040092847,0.0629508071043
56.5631271369,0.0636681842889
58.1528504554,0.0628865290203
54.0463925078,0.0675294107577
52.7664886732,0.0707478640594
60.8984449035,0.0644210088609
57.10192306,0.0632617796672
58.5726621559,0.0628886942733
58.2616186869,0.062878833831
58.1072017889,0.0628914854575
57.9063520551,0.0629254568506
56.2222499091,0.064001123831
59.1669612423,0.0630376797161
58.7343722443,0.0629123843945
57.9294287509,0.0629205440235
58.7212826344,0.0629099963194
58.5596568142,0.0628873393429
59.2299687065,0.0630634042478
55.5794675628,0.0647900442445
56.4156282747,0.0638050094343
58.5985121236,0.0628916309442
53.8226948762,0.0680307344785
59.6724423005,0.0632971070936
60.7675286108,0.064268182839
57.3443190762,0.063126513028
56.3492427935,0.0638701922288
57.288615614,0.0631549972439
60.5456017997,0.064026853234
58.2590834792,0.0628789472957
55.8659918071,0.0644122875203
59.7032798657,0.0633168378251
56.8913061542,0.0634032326544
55.4757630766,0.0649371437451
56.1134629389,0.0641198113436
57.4668908644,0.0630692863977
59.6361212285,0.0632744408674
55.9477286691,0.0643122272097
59.3653573513,0.0631250711585
59.3368225801,0.0631113499014
61.7839967364,0.0656555282866
61.444203093,0.0651408312644
58.1274765269,0.0628891579001
59.7692286688,0.063360531
59.95298452,0.0634930063777
59.896785554,0.0634508177194
60.3713158932,0.0638530717707
57.7396695695,0.0629687487926
55.5408809351,0.0648441324913
57.4107457116,0.0630945700073
57.8902961608,0.0629290299092
58.6952856707,0.0629054988957
59.1184576384,0.0630191667665
62.1522860209,0.0662700849619
57.4722595734,0.0630669509717
55.9426537924,0.0643183403446
59.3219670934,0.063104359441
58.5317101867,0.0628847054701
61.8248592969,0.0657208211594
59.5067261057,0.0631987391083
59.9204212017,0.0634683817069
57.0160846375,0.0633167390209
59.0079724558,0.0629811950897
60.3959912417,0.0638768304125
55.7288100512,0.0645879024396
58.0104949701,0.0629053651416
57.1585996887,0.0632275174314
54.196924721,0.0672066483504
59.1900948264,0.0630469047922
56.6949990112,0.0635551823353
58.4472378781,0.0628790508293
59.4631660053,0.0631750318492
58.8718084081,0.0629424480023
58.013872428,0.0629048029326
53.6561909276,0.0684207146792
55.3063289452,0.0651893648727
58.2857732636,0.0628779103445
58.1040878228,0.0628918608124
56.4611930761,0.0637615645783
58.9007714583,0.0629499440436
58.9296154564,0.0629578100444
55.6582348483,0.0646820042909
58.2227195523,0.0628809206896
60.2453739142,0.0637361671739
59.1301647809,0.0630235323293
54.6451775356,0.0663150078648
54.9118467498,0.0658338536832
57.6489164411,0.0629980984329
56.3039902938,0.0639159079261
58.6181136482,0.0628940736872
62.7598626188,0.0674104757286
58.2338854793,0.0628802459197
60.5124127752,0.063992689497
55.1569898589,0.0654239171063
56.8435567161,0.0634384043725
58.2168469076,0.0628813000633
56.6688156959,0.0635769193789
57.6180953272,0.0630089947802
58.4862329481,0.0628812301707
62.9215709364,0.0677401050101
58.4620747159,0.0628797928562
57.7400394596,0.0629686375168
60.4073719044,0.0638878823834
59.0056982936,0.0629804748894
57.2555814543,0.0631726217032
55.5101933568,0.0648876939201
61.4847896211,0.0651996447875
55.4846742274,0.0649242868854
60.1314961974,0.0636367553085
59.9368723478,0.0634807604759
60.6711169463,0.0641605932358
59.5703940217,0.0632350015036
57.6032558242,0.0630144091832
64.3696459163,0.0711646110339
56.7981692198,0.0634729013589
56.8551856273,0.0634297328492
56.1383169213,0.0640921641129
59.5079504516,0.0631994184016
59.197441055,0.0630498876616
56.9601846829,0.063354519473
59.9136848052,0.0634633492578
60.2065006336,0.0637015587143
59.1778345538,0.0630419839234
60.2432329068,0.0637342429221
58.9339805003,0.0629590352506
58.5542193805,0.0628867971832
58.0382344048,0.0629009138241
58.8497002326,0.0629369976876
56.8463911923,0.0634362844615
58.1819657921,0.0628839013563
58.7131846344,0.0629085603588
59.2249067537,0.0630612676823
58.6036643105,0.0628922549723
57.251649672,0.0631747557272
57.7268516405,0.0629726467077
59.0826951407,0.0630062366373
58.7307437708,0.0629117141233
58.9068124307,0.0629515583683
56.6484521524,0.0635940644504
59.3293746478,0.0631078320739
57.7742818486,0.0629586294595
58.4314792698,0.0628783800119
58.7364387296,0.0629127689685
58.8143739257,0.0629287771451
58.1617989416,0.0628856771986
59.3124292062,0.0630999264936
56.5886837335,0.0636455974249
59.6230364495,0.063266427277
61.6510044893,0.0654480598628
58.2854376648,0.0628779212219
62.823166255,0.0675382206803
55.4606157807,0.0649590916001
60.0148155053,0.0635411216887
57.4182063584,0.0630911197999
59.2129819684,0.0630562826696
54.7320909568,0.0661541535589
62.1843804937,0.0663264055107
59.0591122528,0.0629980447315
61.5258257174,0.0652598471724
61.5093532309,0.0652355920564
61.0486773104,0.0646058926436
55.5864824364,0.064780293318
57.4997413564,0.0630552208857
55.8617769834,0.0644175398034
61.3723607141,0.0650385070364
57.9101893521,0.0629246217255
63.8790012581,0.0699107563165
57.2777179444,0.0631607511027
57.1428553745,0.0632368737036
58.8857551982,0.0629460072674
52.5932761955,0.0712485271428
59.1955219218,0.0630491059326
58.8561262766,0.0629385576462
60.8695557443,0.0643866198644
56.2112547064,0.0640128459198
59.7282014639,0.0633331094693
56.3657832683,0.063853742091
58.0700432075,0.0628962750405
58.8352562115,0.0629335638839
59.7662111877,0.0633584873224
57.558291684,0.0630314826047
56.3172172335,0.0639024379633
58.2978363434,0.0628775558919
58.5764536268,0.0628891047242
61.0047869451,0.0645508312179
59.5530249477,0.0632249191968
55.3183808634,0.0651709366517
56.5683951322,0.063663501394
63.1758529827,0.0682802987726
57.2392871824,0.063181515992
59.6745124021,0.0632984176187
55.9078752889,0.0643605881977
56.45649463,0.0637659957264
59.6715276691,0.0632965287066
57.0728750482,0.0632799641307
60.9716101315,0.0645097835748
56.1473799921,0.0640821607973
57.8164237853,0.062947108565
56.580819236,0.0636525128356
59.1542902993,0.0630327350783
57.2440289869,0.0631789139622
56.6862185059,0.063562433189
60.8296183491,0.0643396990275
59.4453330829,0.0631655851936
62.1787191343,0.0663164387287
60.6088650037,0.0640933657115
56.0871598977,0.0641494134236
59.374169073,0.0631293864244
58.8917144151,0.0629475566049
54.3441113916,0.0669024058772
60.5263445925,0.0640069692372
57.6377209698,0.0630020019241
57.5383253387,0.0630393861189
53.9965053466,0.0676389655243
57.3661681018,0.0631157634104
59.2361417721,0.0630660263082
58.9581441804,0.062965983163
57.6434184787,0.0630000076222
57.9881496289,0.062909226117
57.1981033364,0.0632045884611
56.6596508776,0.0635846097504
59.7339040672,0.0633368737325
59.3307825038,0.0631084950178
57.1878507428,0.0632104642516
56.2697379307,0.0639512030089
57.664896409,0.0629926344287
62.9251247797,0.0677474710767
55.9973266719,0.0642531745401
59.9889174147,0.0635207520598
57.4781573719,0.0630644019276
57.845971212,0.0629395541655
59.463996654,0.0631754755357
57.0578486619,0.0632895370101
59.4200110283,0.0631524298356
57.7565402527,0.0629637423914
58.7139233646,0.0629086900392
56.642607274,0.0635990242633
54.0476930307,0.0675265719863
56.8735854641,0.0634161515129
61.7084589093,0.0655367423313
59.8573765351,0.0634221118241
57.0296225335,0.0633078254889
57.9550217289,0.06291540243
58.6987730543,0.0629060832363
60.1265061553,0.063632536236
58.4390763717,0.0628786883187
58.0582298065,0.0628979397942
56.2748831792,0.0639458630506
55.2157050938,0.0653303291358
56.5817781294,0.0636516679856
60.8397946425,0.0643515864136
58.158841947,0.062885954338
56.9504810936,0.0633612377343
59.0774902459,0.0630044057516
55.8116020014,0.0644807630557
57.1842334621,0.0632125498852
58.5938781151,0.0628910806676
55.7022564598,0.0646230083431
56.4305249953,0.0637906899117
60.6085122088,0.0640929897417
57.4498365616,0.0630768003443
55.2578932798,0.0652641800876
59.6883177043,0.0633072088512
58.6185953592,0.0628941360618
59.0884647997,0.0630082813267
57.1965662564,0.0632054660127
61.1148154934,0.0646904934576
59.3946358852,0.0631395514528
60.4797939399,0.0639596028988
60.384004158,0.0638652537663
57.3947610016,0.0631020556129
56.3906332567,0.0638292889946
59.1421358983,0.0630280640143
56.0240313092,0.0642218994758
56.2091144303,0.0640151348432
57.9713401917,0.0629122925156
56.6589975654,0.0635851595781
59.1392581965,0.0630269684084
58.4087383874,0.0628776250884
60.4279097146,0.0639079772707
59.34737876,0.0631163809305
56.5659332532,0.0636656880907
58.4155867635,0.0628778259318
58.0424796625,0.0629002659719
58.0196217649,0.0629038588068
59.9240067945,0.0634710689616
58.4005087095,0.0628774139571
56.8458407928,0.0634366957898
57.7044069731,0.0629796680411
54.3488008334,0.0668928969225
59.2454886836,0.0630700310173
57.6149865472,0.0630101200121
60.7622823085,0.0642622199243
59.4599401658,0.0631733118784
60.0432399886,0.0635638370882
56.952263296,0.06336000028
55.980575145,0.0642729788532
58.0137133931,0.0629048292795
58.8915722452,0.0629475194433
56.7159332595,0.0635380521617
56.9146461045,0.0633864584505
60.2216809151,0.0637149905906
55.8151962795,0.0644761912398
63.7792399378,0.0696673759149
61.0422957858,0.0645978332491
58.4169394892,0.0628778683049
58.4977722204,0.0628820168432
58.2429539022,0.0628797427916
62.1234025676,0.0662197764086
58.2573817753,0.0628790252191
56.004700045,0.0642445028561
60.0412878118,0.0635622650101
59.4927461981,0.0631910329508
60.2421917166,0.0637333079058
61.1013472804,0.0646731069588
57.2759076899,0.0631617126472
59.2820966958,0.0630861160764
57.9686901238,0.0629127886378
58.9030090843,0.0629505399574
55.6272357754,0.0647241440085
57.4857980494,0.0630611253516
58.4361302567,0.0628785654241
60.2109954554,0.0637055247571
56.3213277244,0.0638982700596
61.5776414278,0.0653369212066
56.6904013423,0.0635589741862
62.1430994934,0.0662540453002
56.8761338565,0.0634142839311
57.9845189884,0.062909876647
57.7874332232,0.0629549398518
57.948685918,0.062916645231
60.1775921973,0.0636762740591
57.6243418559,0.0630067483316
62.1076816797,0.0661925444517
59.8150013025,0.0633920545842
54.7860646954,0.066056226768
57.6317897253,0.0630040951485
54.8155379845,0.0660033873839
57.4191710754,0.0630906756881
61.1051887721,0.0646780577873
60.4063233068,0.0638868615873
56.6025475756,0.0636334828943
57.3820914059,0.063108079266
56.9704408911,0.0633474700766
61.4254434312,0.0651138922563
60.76100522,0.0642607702788
57.2430452129,0.0631794528762
57.2861071489,0.0631563164297
57.8837346065,0.0629305267089
58.899936013,0.0629497221689
60.3972436546,0.0638780437455
58.4362531145,0.0628785704646
62.7223467951,0.0673355581538
59.0748716201,0.0630034895172
58.4078469382,0.0628776006251
57.1474076035,0.0632341557154
58.932820991,0.0629587089001
58.5821352355,0.0628897328455
55.7518007052,0.0645577987358
58.2974668875,0.0628775656924
57.1765696937,0.0632169902682
54.9188254257,0.0658217550647
57.9940989301,0.0629081741593
55.6663586229,0.0646710424112
62.7752265192,0.0674413262619
58.1626416,0.0628855990065
57.0464383581,0.0632968818908
58.8014796248,0.0629259263771
53.7023025695,0.0683112752044
57.5383425467,0.0630393792219
58.7023755568,0.0629066930394
55.8028148577,0.0644919678803
58.4886154166,0.0628813872899
60.3793474559,0.0638607742879
59.4770247532,0.0631824771063
60.2001074476,0.0636959337012
58.3410520317,0.0628768693719
57.0494580532,0.0632949317354
57.5396540718,0.0630388539961
55.8688282489,0.0644087580153
54.6275985242,0.0663480168037
58.8789402272,0.0629442563758
58.8612518458,0.0629398161564
53.758095618,0.0681803312759
59.9764304512,0.0635110421114
59.5072142727,0.063199009869
62.9943958453,0.0678920923252
58.5210720461,0.0628838024985
58.477867722,0.062880700354
59.5990538455,0.0632519486297
59.266273268,0.063079085254
58.5640983086,0.0628877928434
56.9151235954,0.0633861181444
55.7371210709,0.0645769888423
60.7780933913,0.0642802284981
60.9682225329,0.0645056201122
57.7540097094,0.0629644843555
55.9294984892,0.0643342483247
59.2381819116,0.0630668968632
58.021457293,0.0629035608095
59.7878384855,0.0633732292779
54.4358352372,0.0667184799988
55.2297025732,0.065308280191
61.9005389433,0.065843661241
54.7565749907,0.0661095446548
60.5305988245,0.0640113473727
57.352181407,0.0631226173591
59.7216816105,0.0633288244286
55.9016485851,0.0643682174464
59.5667559226,0.0632328779051
58.0406753928,0.062900540232
59.0238977394,0.0629863078831
59.1453734331,0.0630293013428
57.1576954382,0.0632280514329
58.7614662808,0.0629175903022
57.7064525673,0.0629790177876
56.7698311085,0.0634949666337
59.4561811493,0.0631713138336
52.29263811,0.072154235807
57.9478553015,0.0629168096267
56.5920457216,0.0636426507122
60.7690894068,0.0642699592343
60.0395679164,0.0635608814528
55.4818470744,0.0649283614375
59.1092355346,0.0630157739722
60.5340583484,0.0640149137448
59.5015665623,0.063195884261
58.9448582358,0.062962128291
58.7268920386,0.0629110095683
60.6526011152,0.0641404134343
62.3663874767,0.066654114158
58.8080735121,0.0629273741915
58.080600698,0.062894845277
59.682336879,0.0633033892656
58.4991720995,0.0628821166795
58.7219357287,0.0629101135086
59.5731830278,0.0632366337012
57.2561230572,0.0631723283472
56.0272890766,0.0642181090597
58.2809275413,0.0628780727438
56.373007227,0.0638466011819
57.3851234404,0.0631066304242
60.7956059673,0.0643003070428
55.0972059139,0.0655210332495
55.9113379215,0.0643563541923
59.4199282305,0.0631523873182
60.2538625157,0.0637438171865
56.3371768812,0.0638822799102
58.0574486907,0.0628980522862
58.76245652,0.0629177872807
57.153952442,0.0632302662012
61.5763388085,0.0653349691639
55.0582870469,0.0655852449372
55.7435034641,0.0645686318317
59.3588007835,0.0631218841776
59.2118335988,0.0630558061835
60.7335548126,0.0642297893777
58.1181265827,0.0628902062234
57.6890219049,0.0629846250722
58.7487007185,0.0629150933491
59.5119187678,0.0632016249731
57.0575269206,0.0632897432215
59.0974561062,0.0630114994542
58.5010761015,0.0628822539973
58.224243627,0.0628808249927
57.1866948534,0.0632111299963
58.5844322465,0.0628899912315
57.3005419796,0.063148768255
60.0477076272,0.0635674415111
58.8990516321,0.0629494876637
55.0887347603,0.0655349432106
53.9163928109,0.0678175946106
55.8388832078,0.0644462274787
58.6245546758,0.0628949170034
61.0856413174,0.0646529340838
57.6642765083,0.0629928440297
60.75545687,0.0642544808212
56.6144195761,0.0636231861766
57.6172036022,0.0630093170521
59.6041240802,0.063254987035
56.3454250417,0.0638740088697
54.39059508,0.0668086519762
60.5454130555,0.0640266575253
55.2703823105,0.0652447736359
57.0380434896,0.0633023274527
57.4596179721,0.0630724730451
54.1927899335,0.0672153571609
60.8240879051,0.0643332582766
60.2371157632,0.0637287567236
58.3706129873,0.0628769246882
59.4135077796,0.063149100245
58.6399913896,0.0628970198965
59.9130282375,0.0634628598979
57.7464745405,0.0629667124584
56.0639683922,0.064175806347
54.9510244932,0.0657662584768
59.0589946609,0.0629980045507
60.539654646,0.0640206944495
56.5726263269,0.0636597503193
60.4079934029,0.0638884876421
58.3343840917,0.0628769158188
57.6021303168,0.0630148243003
54.9286148829,0.0658048258777
57.8423233764,0.0629404634775
57.9687645389,0.0629127746593
55.4943627884,0.0649103546654
54.6106803112,0.0663799357985
57.4505938005,0.06307646364
60.5839236521,0.0640669255901
59.0500944163,0.0629949825733
62.3503439721,0.0666246607682
56.9426102891,0.0633667218544
56.4729475514,0.0637505278596
59.9216804132,0.0634693247516
61.5579614457,0.0653075090816
59.760892639,0.0633548955627
63.887337387,0.0699312717001
56.3459253678,0.0638735082676
57.3043427282,0.0631467981043
54.5238599523,0.0665460653845
61.6416108748,0.0654336977965
60.1993546814,0.0636952726253
59.7586558562,0.0633533889612
58.908505769,0.0629520140254
56.7118679082,0.0635413614571
59.6941880072,0.0633109741863
55.1977618334,0.0653587410543
57.438575172,0.0630818414003
57.4961080202,0.0630567501469
60.5311227586,0.0640118871377
63.291373774,0.0685344655933
60.5475458329,0.0640288699454
56.5656091063,0.063665976234
56.5635412653,0.0636678156477
58.2321295849,0.0628803479881
56.8602026685,0.0634260127467
54.7953911614,0.0660394578597
60.8256591005,0.064335086685
60.358428767,0.0638407744911
57.9049279751,0.0629257686257
58.5131347476,0.0628831645793
57.5235555875,0.0630453601251
60.9976525195,0.0645419625357
58.8194201403,0.0629299146137
60.7835084616,0.0642864221793
61.0417814375,0.0645971844595
56.0512670501,0.0641903772762
59.5986221308,0.0632516904781
57.2339517542,0.063184457215
58.6916292947,0.0629048925527
59.8704758944,0.0634315730891
60.5323389009,0.0640131405091
57.5725974678,0.0630259416005
56.5313511939,0.0636967290006
57.539225626,0.0630390254815
59.1953130022,0.0630490209383
57.4037204591,0.0630978442284
57.0362533002,0.0633034932857
58.1608019509,0.062885770161
59.9598476531,0.0634982593448
58.8123649353,0.0629283277129
56.6706203468,0.0635754100652
57.643189144,0.0630000875853
58.9051728511,0.0629511184903
58.1132108841,0.0628907745778
59.5929847174,0.0632483275416
58.7055818462,0.0629072410506
55.1046393971,0.0655088576499
57.9592983623,0.0629145747241
62.9818151796,0.0678656796422
56.8065060297,0.0634664870644
58.9756517061,0.0629711922804
60.2714600673,0.0637597820472
56.6007668675,0.0636350334725
56.9592538992,0.0633551618462
57.4350456538,0.0630834343591
56.6336593046,0.0636066507444
60.0012052908,0.0635303779773
57.0108663766,0.0633201993753
61.7004775352,0.0655243366353
60.3254424442,0.0638096454786
58.3591783302,0.0628768527447
57.5233199677,0.0630454563065
55.539925791,0.0648454810422
59.5099276897,0.06320051691
60.288731332,0.0637755895857
60.0020115068,0.0635310119942
61.8771486456,0.0658054299723
59.8258619225,0.0633996781611
57.4968123289,0.0630564531921
59.662841444,0.0632910553747
59.133042546,0.0630246154638
59.1807953015,0.0630431657052
58.8267933188,0.062931598663
56.0633609637,0.064176501313
57.7600337846,0.0629627232821
59.828040334,0.06340121393
58.4009806291,0.0628774251724
57.3751116292,0.0631114319429
54.7186974216,0.0661786870915
59.1948460014,0.0630488310249
60.4996661947,0.06397970225
61.399821165,0.0650773494648
58.1208658892,0.0628898946483
56.927747126,0.0633771630093
55.2844884778,0.0652229508824
59.007442187,0.0629810269382
55.3727965542,0.0650886614321
60.7629055246,0.0642629276159
61.1269128218,0.0647061793221
56.4821096254,0.0637419738278
56.9311719641,0.0633747472565
59.9211678389,0.0634689407869
59.5644807431,0.0632315530284
60.155625289,0.0636573189657
60.6308041314,0.0641168572804
58.0784099504,0.0628951374612
56.4144649444,0.0638061324298
57.6540702465,0.0629963223668
62.8306203218,0.067553372522
57.9435524091,0.0629176666962
60.7514362784,0.0642499318978
59.5420655836,0.0632186307583
59.3211405627,0.0631039735825
56.8484509262,0.0634347465218
58.7781210921,0.062920966219
60.5399809938,0.064021031992
56.5033143125,0.0637223396006
58.6701712732,0.0629014644311
59.2223645594,0.0630601992678
57.7308959044,0.0629714080697
58.5157450543,0.0628833709921
59.7978677622,0.0633801399116
56.6426474704,0.0635989900947
59.4262116451,0.0631556231306
56.6483667227,0.0635941368195
61.3990880262,0.0650763081202
55.4076260134,0.0650367992487
57.4501973899,0.0630766398673
59.0609198176,0.062998663203
58.2059608821,0.0628820479504
57.126344556,0.0632468189225
57.7600183493,0.0629627277715
58.9326542877,0.0629586620337
59.19804205,0.0630501328285
56.4961404782,0.0637289566179
58.9707359508,0.0629697148172
57.6098184133,0.0630120012487
57.9522176386,0.0629159500273
57.528758675,0.0630432432275
57.8950015506,0.0629279696072
59.4001346167,0.0631423162803
58.806312617,0.0629269855023
63.4871979446,0.0689776991791
60.7065887063,0.0641996875141
60.1070846505,0.0636162251287
58.7663484524,0.0629185660489
57.0402370639,0.0633009011155
55.9817270913,0.0642716123895
54.989088852,0.0657013427589
58.1165026092,0.0628903926762
58.3221651862,0.0628770572461
55.5333283483,0.0648548086413
59.703664111,0.0633170864921
55.000537798,0.0656819637105
55.6540431735,0.0646876735916
59.0972235076,0.0630114157166
55.6978485203,0.0646288709403
60.4167372783,0.0638970218064
56.9730536108,0.0633456827292
57.6148873744,0.063010155987
55.1836512611,0.0653812006321
59.9730107027,0.0635083955429
57.7820029714,0.062956452938
59.0944266154,0.0630104108352
58.9148628002,0.0629537369241
59.4970330117,0.0631933861616
58.9819784089,0.0629731108733
57.0613995255,0.0632872646315
62.6093527271,0.0671134695509
59.0238713207,0.0629862993008
61.2531606971,0.0648737707949
57.7170113194,0.0629756943301
58.7313463279,0.0629118249906
59.1391997589,0.0630269462008
58.5151962829,0.0628833273226
60.5344032606,0.0640152696092
59.6654514186,0.0632926962363
58.1855868455,0.0628836035962
59.2438482017,0.0630693251394
55.0082503531,0.0656689471732
61.0103253687,0.06455773168
60.4060586542,0.0638866040311
58.0759550909,0.0628954676708
61.7477557557,0.0655982278066
60.7942878488,0.0642987909653
54.8900394831,0.0658718219631
58.7738092895,0.062920079382
60.9827357194,0.0645234935207
54.662047541,0.0662834804745
55.1070696069,0.0655048832891
58.1558738655,0.0628862368263
58.0645284801,0.062897043648
59.3400243559,0.0631128702658
59.5344937608,0.0632143191702
60.3496404919,0.0638324321926
56.3696228652,0.0638499433361
59.185517196,0.0630450590979
58.3619117507,0.0628768641434
55.9313605446,0.0643319912721
59.5189201223,0.0632055361881
57.4973492749,0.0630562269675
56.2385498105,0.0639838595659
58.6194434389,0.0628942461489
61.0157297686,0.0645644784204
55.7374407546,0.0645765697569
55.6298779493,0.0647205330653
57.5415801428,0.0630380842133
58.4779980853,0.0628807083497
59.1783371219,0.0630421842288
61.1468227033,0.0647321375009
56.6900298397,0.0635592810432
60.6721321778,0.0641617042071
57.790690876,0.0629540391358
55.7500042311,0.0645601412694
56.2616428576,0.0639596316771
57.7810048435,0.0629567326429
59.7627299677,0.0633561348623
58.2289352147,0.0628805375421
58.0689973916,0.0628964196518
55.8109609302,0.064481579174
60.5071638392,0.0639873324674
56.674444389,0.0635722172797
59.3221798783,0.0631044588303
59.5263411303,0.0632097070982
59.5623865786,0.0632303357165
59.3276435211,0.0631070181955
57.7242826116,0.0629734377308
57.1273190031,0.0632462281744
57.0566504301,0.0632903052478
59.0329337235,0.0629892629031
57.3248708316,0.0631362819141
56.4208114461,0.0638000143197
54.0681071536,0.067482127016
57.6394134249,0.063001407832
57.295636279,0.0631513218359
56.6490890499,0.0635935250393
57.3977377568,0.0631006519523
58.9237906955,0.062956189371
62.9581832533,0.0678162418569
55.0593026641,0.0655835593627
59.9424975781,0.0634850221422
58.4947248461,0.0628818028042
58.2586828432,0.062878965514
59.6103917574,0.0632587597514
59.0988511929,0.0630120022409
59.8153403499,0.0633922917434
58.0756883358,0.062895503731
56.0341530532,0.0642101405419
58.8331398633,0.062933069199
59.6108126334,0.0632590137527
58.807147889,0.0629271696888
57.4372032743,0.0630824598343
60.6468021099,0.0641341253213
57.789742159,0.0629543009073
56.3215671844,0.0638980275197
57.0950827889,0.063266023672
57.7350663411,0.0629701392687
57.3136618464,0.0631419979968
58.2671215153,0.062878598361
59.8871481819,0.0634437308205
58.6700214742,0.062901441282
55.1589413749,0.0654207779988
57.5276556816,0.0630436908605
57.8173867161,0.0629468555736
56.4157154338,0.0638049253247
58.1735642317,0.06288461696
63.2394670801,0.0684195880039
53.4246863365,0.0689868072011
56.4797146375,0.0637442057636
59.7744926477,0.0633641063921
56.4590844938,0.0637635518171
55.829421327,0.0644581622468
53.8070334251,0.0680668041732
60.6212728737,0.0641066246751
57.2247373532,0.0631895703056
61.194642537,0.0647952064862
62.1751071738,0.0663100870636
57.3408710377,0.0631282312128
59.3530854461,0.0631191227328
57.8230637498,0.0629453733555
58.3722148283,0.0628769398578
57.4505065885,0.063076502404
57.1209496901,0.0632500981149
54.8127414585,0.0660083816995
58.1398093255,0.0628878407197
59.9174768654,0.0634661795279
60.5985956082,0.0640824449052
58.0895199276,0.062893680032
56.0520772181,0.0641894453976
61.1113921694,0.0646860665093
56.8155709175,0.0634595523607
62.9741791956,0.0678496800091
58.1762290119,0.0628843862423
56.5620099358,0.0636691792116
59.1534205466,0.0630323984808
58.6032077439,0.0628921991538
57.5378094443,0.0630395929576
55.3121988275,0.0651803800805
60.4422811882,0.0639221537275
53.652342246,0.0684298987963
56.6711205329,0.0635749920276
58.3566070313,0.0628768453482
58.5579829471,0.0628871709153
60.5565012375,0.0640381824111
59.0600664796,0.0629983710323
57.5968565205,0.0630167777945
59.9183793893,0.0634668541298
57.4300845854,0.0630856839049
57.7672284877,0.0629606435141
59.7750676513,0.0633644977314
58.3091861011,0.0628772872993
58.9456457285,0.0629623544169
52.2343418887,0.072335246624
58.8410219406,0.0629349225349
57.6966162647,0.0629821635319
59.2606716436,0.063076624826
56.0990439173,0.0641359951803
57.983566557,0.0629100483757
55.9315162349,0.0643318026356
57.2733081415,0.0631630963023
60.8277348437,0.0643375039476
61.8783030809,0.0658073113283
56.7098036768,0.0635430449872
59.8067206272,0.0633862790524
55.4236507196,0.065013147383
58.032630872,0.062901782522
60.3983810301,0.0638791462539
59.4540320527,0.0631701745185
57.9121081808,0.0629242068467
57.938387188,0.0629187075753
60.3282554942,0.0638122806356
60.837786588,0.0643492370126
58.5246304562,0.0628840984214
56.5871535477,0.0636469404953
58.3288709929,0.0628769706076
59.8078686077,0.0633870778207
58.9546913943,0.0629649732
57.9674156934,0.0629130284566
58.0319226844,0.0629018934088
58.6850437233,0.0629038167622
60.8543011264,0.0643686128913
57.6013974437,0.0630150949415
55.7223917811,0.064596354788
56.5770707573,0.0636558199647
59.2924782164,0.063090793573
62.6502681869,0.0671932707844
59.3010886242,0.0630947119409
55.3519467762,0.0651200058434
60.3733040818,0.0638549757479
58.0271348527,0.0629026495481
53.6403079565,0.0684586657661
59.321049445,0.0631039310649
59.0920209504,0.0630095495075
58.7121902223,0.0629083862112
57.1860402938,0.0632115072922
55.8024418843,0.0644924443473
57.3062698496,0.0631458019215
57.9475580572,0.0629168685398
61.4201054076,0.0651062551975
56.6815359714,0.0635663159056
61.4793939411,0.0651917841345
56.6864485104,0.0635622427568
57.9856185878,0.0629096789384
56.380221351,0.0638394964407
58.701020384,0.0629064629104
57.1964628753,0.0632055250775
57.7399793681,0.0629686555898
58.6016222618,0.0628920061022
55.4621127595,0.0649569172867
60.1833782316,0.0636813038947
59.2959200853,0.0630923556489
60.2324291111,0.0637245651447
56.9614732953,0.0633536308663
60.3342947618,0.0638179502765
60.6960074298,0.0641879658741
58.6343787683,0.062896241957
55.5288105752,0.0648612088495
59.4583264762,0.063172453329
60.1238895636,0.0636303285182
58.610543354,0.06289310821
58.1462112341,0.062887186385
55.8121365213,0.0644800827437
57.4299376653,0.0630857507113
58.7849555903,0.0629223902876
55.2950716592,0.0652066455432
59.2430633478,0.0630689878802
56.5542768085,0.0636760832701
55.6217776453,0.0647316147319
60.0204991192,0.0635456337296
60.4597758652,0.0639395386298
60.6632555346,0.0641520063138
56.5650079521,0.0636665107575
57.6380521729,0.0630018855521
58.8788841262,0.0629442420551
59.9567539984,0.0634958887811
60.5381426233,0.0640191311943
61.5717938693,0.0653281641666
56.0501926218,0.0641916136313
55.5590148227,0.0648186184121
57.6785082742,0.0629880799976
56.5076153059,0.0637183849466
57.9572920671,0.0629149619037
57.0080659901,0.0633220620194
58.5392660722,0.0628853801936
57.3597120336,0.06311891497
57.5658306117,0.0630285499076
62.3737709445,0.0666677057689
59.8018276458,0.0633828814148
60.5635385704,0.0640455259919
57.2251312165,0.063189350881
56.5453042929,0.0636841317929
55.7373087659,0.0645767427795
59.4871986739,0.0631880005706
60.1777354343,0.0636763983893
55.8823286963,0.0643920152227
59.42116097,0.0631530206764
58.6751177192,0.0629022349217
59.1717483859,0.0630395677612
61.4981012071,0.065219092482
60.9738662233,0.0645125592402
57.8240124178,0.0629451272202
58.2596762223,0.0628789204857
62.3916799097,0.0667007689598
57.2389260835,0.0631817146031
60.8273769396,0.0643370870192
61.5597959674,0.0653102436264
58.1868773896,0.0628834990269
57.6388866719,0.0630015925826
59.8126754004,0.0633904290957
58.2184564618,0.0628811944068
59.4120488006,0.0631483560146
60.4411589025,0.0639210432662
62.0796954471,0.0661443287929
57.01380764,0.0633182472705
58.2052911639,0.0628820958554
58.421793767,0.062878027698
57.6236419298,0.0630069990839
60.4762037878,0.0639559909739
60.5569575166,0.0640386578619
55.5343571707,0.0648533526008
58.0738356585,0.062895755142
58.7801554233,0.062921387747
57.0217478892,0.0633129990605
58.0829531628,0.0628945341486
57.6383299148,0.0630017880062
57.1382040564,0.063239661581
60.0674974501,0.0635835190158
57.6947101046,0.0629827786846
60.3601817894,0.0638424427965
58.3085662571,0.0628773003439
58.0238659017,0.0629031722864
54.9309915831,0.0658007232434
59.9695889472,0.0635057528669
57.1441320306,0.0632361104059
54.3727534299,0.0668445049139
60.0878880396,0.0636002745822
55.0059912491,0.065672756703
58.4932392171,0.0628817000942
55.4170926732,0.0650228108605
57.9523098404,0.0629159319601
61.0130462111,0.0645611266859
57.1871562723,0.0632108641578
54.5418750052,0.0665112732949
55.9927885841,0.0642585254967
57.8007191268,0.062951299335
59.7807134422,0.0633683483986
60.0745849855,0.0635893212011
61.2109014407,0.0648168822379
58.3449921758,0.0628768521235
58.1578499803,0.0628860482684
58.3293211206,0.0628769655782
58.7046575661,0.0629070825652
57.0758135429,0.0632781053459
57.3616506392,0.0631179664459
56.7499433524,0.0635106940456
58.6477613879,0.0628981220318
58.4914108582,0.0628815751619
56.5051802444,0.0637206227724
59.1966818922,0.0630495782185
52.3751246255,0.071901101007
53.8204442754,0.0680359099897
57.3765863909,0.0631107215287
62.5194706522,0.066940633858
57.7098205791,0.0629779516797
58.41916069,0.0628779398153
53.6943370937,0.0683301014168
58.3532355779,0.0628768405363
57.5361296881,0.063040267343
62.0148201159,0.0660338542031
56.8375188158,0.0634429336288
58.270127476,0.0628784759854
56.1501983169,0.0640790586168
60.823750199,0.0643328654318
54.7166250491,0.0661824914291
61.0807311652,0.0646466500737
59.6119800631,0.0632597187404
57.7080929432,0.0629784978424
58.8076876471,0.0629272888902
61.5130219739,0.0652409838139
55.7885367904,0.0645102586629
59.5064099267,0.0631985638005
56.6572758764,0.0635866095855
59.9136636644,0.0634633334978
57.7923189805,0.0629535909438
60.2975627968,0.0637837256537
57.538366495,0.0630393696237
57.5281251666,0.0630435002532
54.6353184708,0.0663335010219
59.9232856503,0.0634705280123
58.1696638979,0.0628849609256
59.4038824982,0.0631442089691
57.1649758685,0.0632237636324
59.6822882063,0.0633033582502
58.6857930852,0.0629039381174
58.1535946839,0.0628864566794
58.5821933404,0.0628897393501
56.9106925843,0.0633892805191
58.0741739268,0.0628957091127
59.4756808536,0.0631817511553
58.1209069164,0.0628898900097
59.2726704195,0.063081913361
60.8111537314,0.064318249081
57.9292778445,0.0629205752975
57.0248862661,0.0633109334419
59.7443668355,0.0633438198087
60.9088892122,0.0644335340575
57.3061376891,0.0631458701797
54.6054741026,0.0663897879454
60.4687022308,0.0639484629495
62.6334736616,0.0671604299012
56.4365392768,0.0637849405692
54.993791421,0.0656933747777
58.8185066567,0.0629297077956
59.2949658038,0.0630919219887
59.8900454187,0.063445856766
55.0097097357,0.065666487614
58.753011196,0.062915927686
58.4929177725,0.0628816780121
58.2518394562,0.0628792888254
57.9760727796,0.0629114151234
52.6019427313,0.0712231089453
58.1171106644,0.0628903227122
58.8526113677,0.0629377019194
56.0976728876,0.0641375395351
57.2252268035,0.0631892976404
57.3049928016,0.0631464618559
57.3378373202,0.063129747846
53.8896647255,0.0678779307294
57.087742953,0.0632706037313
55.5080267512,0.0648907877178
56.8336451138,0.0634458491129
61.1708750663,0.0647637324532
60.9278489727,0.0644563967724
57.96373788,0.0629137250218
58.3971240282,0.0628773366992
60.6850580025,0.0641758898911
56.2753249301,0.0639454052102
57.6180672622,0.063009004917
58.0596319632,0.0628977386152
61.6580102682,0.0654587962502
61.3253407223,0.0649727725421
63.2239234872,0.0683854012604
60.0684099347,0.0635842647116
58.3282407862,0.0628769778154
58.6861483431,0.0629039957444
56.4935174671,0.0637313825487
56.2433276879,0.0639788246335
58.6821712218,0.0629033540915
54.6757730703,0.0662579381509
57.6535581182,0.0629964982632
57.0368607948,0.0633030974839
58.6109807645,0.0628931632393
58.3344145894,0.0628769155569
57.99780848,0.0629075270511
54.5526464715,0.0664905507794
59.2244094388,0.0630610584323
59.8304943819,0.0634029466782
54.9570286801,0.0657559691615
64.3956451721,0.0712336618696
60.5280290018,0.0640087017166
58.8965150275,0.0629488171355
58.7769700288,0.0629207285947
57.6318556199,0.0630040717974
58.9010842839,0.0629500272091
59.8147166923,0.0633918555447
59.0147482974,0.0629833556127
57.0639165002,0.0632856577238
56.3208771128,0.063898726546
59.0347390219,0.0629898579734
58.6800512298,0.062903015186
58.7207615687,0.0629099029688
60.7999415332,0.0643052992776
57.4045993583,0.0630974332581
55.7120662134,0.0646099970165
54.8825993684,0.0658848319866
57.4108431968,0.063094524746
61.7017968786,0.0655263854134
58.7088788309,0.0629078097446
58.0289873493,0.0629023556476
58.1085805455,0.0628913207833
53.6561553397,0.0684207995674
58.1925855071,0.062883046297
56.9990899317,0.0633280588937
60.7339084155,0.0642301862887
60.6674009896,0.0641565308442
58.1375993415,0.062888071267
60.6667923125,0.0641558660185
58.1200708053,0.0628899847038
58.5199270014,0.0628837085826
56.882307081,0.063409773459
58.3914419892,0.0628772195534
56.0428303453,0.0642001013183
59.5725022739,0.0632362349684
56.6243826829,0.0636146000896
59.915770794,0.0634649053424
58.9394857986,0.0629605935587
60.2511254714,0.0637413469068
57.8753101042,0.0629324796212
55.3191280277,0.0651697966452
54.9469854773,0.0657731905632
61.2606772451,0.0648839725801
56.26737256,0.063953662409
55.2155989897,0.0653304966571
57.4523880447,0.0630756669739
58.6087249274,0.062892880433
58.1359282097,0.062888247191
56.2499077933,0.0639719095236
59.4858584102,0.0631872701384
60.4258928089,0.0639059953036
57.0233813742,0.0633119233151
60.6760707008,0.0641660185758
56.0995789678,0.0641353927488
59.4429233151,0.0631643202019
57.1447274249,0.0632357547059
57.3746735394,0.0631116431861
60.0914914178,0.063603255627
57.3761345439,0.0631109390747
57.9302393583,0.0629203762244
56.5401809779,0.0636887457938
59.2135109696,0.0630565023763
58.5847746338,0.0628900299651
59.4574546091,0.0631719899722
58.9347070901,0.0629592400825
57.9796976382,0.0629107505542
58.3382891394,0.0628768859849
57.2279652846,0.0631877742859
57.7180536749,0.0629753692342
57.6374902826,0.0630020830108
